<?xml version="1.0" ?>
<kml xmlns="http://www.opengis.net/kml/2.2">
  <Document>
    <Folder>
      <name>main</name>
      <Style id="s_ylw-pushpin">
        <IconStyle>
          <scale>0.0</scale>
        </IconStyle>
        <LabelStyle>
          <scale>0.5</scale>
        </LabelStyle>
        <PolyStyle>
          <fill>0</fill>
        </PolyStyle>
      </Style>
      <StyleMap id="m_ylw-pushpin">
        <Pair>
          <key>normal</key>
          <styleUrl>#s_ylw-pushpin</styleUrl>
        </Pair>
      </StyleMap>
      <Placemark>
        <name>1/1/BORDO/</name>
        <description>1/1/BORDO/</description>
        <styleUrl>#m_ylw-pushpin</styleUrl>
        <Polygon>
          <tessellate>1</tessellate>
          <outerBoundaryIs>
            <LinearRing>
              <coordinates>-109.928870000000,27.395340000000,0 -109.928910666667,27.395340000000,0 -109.928910666667,27.395374653465,0 -109.928870000000,27.395374653465,0 -109.928870000000,27.395340000000,0 </coordinates>
            </LinearRing>
          </outerBoundaryIs>
        </Polygon>
      </Placemark>
      <Placemark>
        <name>1/2/BORDO/</name>
        <description>1/2/BORDO/</description>
        <styleUrl>#m_ylw-pushpin</styleUrl>
        <Polygon>
          <tessellate>1</tessellate>
          <outerBoundaryIs>
            <LinearRing>
              <coordinates>-109.928922866667,27.395340000000,0 -109.928963533333,27.395340000000,0 -109.928963533333,27.395374653465,0 -109.928922866667,27.395374653465,0 -109.928922866667,27.395340000000,0 </coordinates>
            </LinearRing>
          </outerBoundaryIs>
        </Polygon>
      </Placemark>
      <Placemark>
        <name>1/3/BORDO/</name>
        <description>1/3/BORDO/</description>
        <styleUrl>#m_ylw-pushpin</styleUrl>
        <Polygon>
          <tessellate>1</tessellate>
          <outerBoundaryIs>
            <LinearRing>
              <coordinates>-109.928975733333,27.395340000000,0 -109.929016400000,27.395340000000,0 -109.929016400000,27.395374653465,0 -109.928975733333,27.395374653465,0 -109.928975733333,27.395340000000,0 </coordinates>
            </LinearRing>
          </outerBoundaryIs>
        </Polygon>
      </Placemark>
      <Placemark>
        <name>1/4/BORDO/</name>
        <description>1/4/BORDO/</description>
        <styleUrl>#m_ylw-pushpin</styleUrl>
        <Polygon>
          <tessellate>1</tessellate>
          <outerBoundaryIs>
            <LinearRing>
              <coordinates>-109.929028600000,27.395340000000,0 -109.929069266667,27.395340000000,0 -109.929069266667,27.395374653465,0 -109.929028600000,27.395374653465,0 -109.929028600000,27.395340000000,0 </coordinates>
            </LinearRing>
          </outerBoundaryIs>
        </Polygon>
      </Placemark>
      <Placemark>
        <name>1/5/BORDO/</name>
        <description>1/5/BORDO/</description>
        <styleUrl>#m_ylw-pushpin</styleUrl>
        <Polygon>
          <tessellate>1</tessellate>
          <outerBoundaryIs>
            <LinearRing>
              <coordinates>-109.929081466667,27.395340000000,0 -109.929122133333,27.395340000000,0 -109.929122133333,27.395374653465,0 -109.929081466667,27.395374653465,0 -109.929081466667,27.395340000000,0 </coordinates>
            </LinearRing>
          </outerBoundaryIs>
        </Polygon>
      </Placemark>
      <Placemark>
        <name>1/6/BORDO/</name>
        <description>1/6/BORDO/</description>
        <styleUrl>#m_ylw-pushpin</styleUrl>
        <Polygon>
          <tessellate>1</tessellate>
          <outerBoundaryIs>
            <LinearRing>
              <coordinates>-109.929134333333,27.395340000000,0 -109.929175000000,27.395340000000,0 -109.929175000000,27.395374653465,0 -109.929134333333,27.395374653465,0 -109.929134333333,27.395340000000,0 </coordinates>
            </LinearRing>
          </outerBoundaryIs>
        </Polygon>
      </Placemark>
      <Placemark>
        <name>1/7/BORDO/</name>
        <description>1/7/BORDO/</description>
        <styleUrl>#m_ylw-pushpin</styleUrl>
        <Polygon>
          <tessellate>1</tessellate>
          <outerBoundaryIs>
            <LinearRing>
              <coordinates>-109.929187200000,27.395340000000,0 -109.929227866667,27.395340000000,0 -109.929227866667,27.395374653465,0 -109.929187200000,27.395374653465,0 -109.929187200000,27.395340000000,0 </coordinates>
            </LinearRing>
          </outerBoundaryIs>
        </Polygon>
      </Placemark>
      <Placemark>
        <name>1/8/BORDO/</name>
        <description>1/8/BORDO/</description>
        <styleUrl>#m_ylw-pushpin</styleUrl>
        <Polygon>
          <tessellate>1</tessellate>
          <outerBoundaryIs>
            <LinearRing>
              <coordinates>-109.929240066667,27.395340000000,0 -109.929280733333,27.395340000000,0 -109.929280733333,27.395374653465,0 -109.929240066667,27.395374653465,0 -109.929240066667,27.395340000000,0 </coordinates>
            </LinearRing>
          </outerBoundaryIs>
        </Polygon>
      </Placemark>
      <Placemark>
        <name>1/9/BORDO/</name>
        <description>1/9/BORDO/</description>
        <styleUrl>#m_ylw-pushpin</styleUrl>
        <Polygon>
          <tessellate>1</tessellate>
          <outerBoundaryIs>
            <LinearRing>
              <coordinates>-109.929292933333,27.395340000000,0 -109.929333600000,27.395340000000,0 -109.929333600000,27.395374653465,0 -109.929292933333,27.395374653465,0 -109.929292933333,27.395340000000,0 </coordinates>
            </LinearRing>
          </outerBoundaryIs>
        </Polygon>
      </Placemark>
      <Placemark>
        <name>1/10/BORDO/</name>
        <description>1/10/BORDO/</description>
        <styleUrl>#m_ylw-pushpin</styleUrl>
        <Polygon>
          <tessellate>1</tessellate>
          <outerBoundaryIs>
            <LinearRing>
              <coordinates>-109.929345800000,27.395340000000,0 -109.929386466667,27.395340000000,0 -109.929386466667,27.395374653465,0 -109.929345800000,27.395374653465,0 -109.929345800000,27.395340000000,0 </coordinates>
            </LinearRing>
          </outerBoundaryIs>
        </Polygon>
      </Placemark>
      <Placemark>
        <name>1/11/BORDO/</name>
        <description>1/11/BORDO/</description>
        <styleUrl>#m_ylw-pushpin</styleUrl>
        <Polygon>
          <tessellate>1</tessellate>
          <outerBoundaryIs>
            <LinearRing>
              <coordinates>-109.929398666667,27.395340000000,0 -109.929439333333,27.395340000000,0 -109.929439333333,27.395374653465,0 -109.929398666667,27.395374653465,0 -109.929398666667,27.395340000000,0 </coordinates>
            </LinearRing>
          </outerBoundaryIs>
        </Polygon>
      </Placemark>
      <Placemark>
        <name>1/12/BORDO/</name>
        <description>1/12/BORDO/</description>
        <styleUrl>#m_ylw-pushpin</styleUrl>
        <Polygon>
          <tessellate>1</tessellate>
          <outerBoundaryIs>
            <LinearRing>
              <coordinates>-109.929451533333,27.395340000000,0 -109.929492200000,27.395340000000,0 -109.929492200000,27.395374653465,0 -109.929451533333,27.395374653465,0 -109.929451533333,27.395340000000,0 </coordinates>
            </LinearRing>
          </outerBoundaryIs>
        </Polygon>
      </Placemark>
      <Placemark>
        <name>2/1/BORDO/</name>
        <description>2/1/BORDO/</description>
        <styleUrl>#m_ylw-pushpin</styleUrl>
        <Polygon>
          <tessellate>1</tessellate>
          <outerBoundaryIs>
            <LinearRing>
              <coordinates>-109.928870000000,27.395381584158,0 -109.928910666667,27.395381584158,0 -109.928910666667,27.395416237624,0 -109.928870000000,27.395416237624,0 -109.928870000000,27.395381584158,0 </coordinates>
            </LinearRing>
          </outerBoundaryIs>
        </Polygon>
      </Placemark>
      <Placemark>
        <name>2/2/AYLT/110</name>
        <description>2/2/AYLT/110</description>
        <styleUrl>#m_ylw-pushpin</styleUrl>
        <Polygon>
          <tessellate>1</tessellate>
          <outerBoundaryIs>
            <LinearRing>
              <coordinates>-109.928922866667,27.395381584158,0 -109.928963533333,27.395381584158,0 -109.928963533333,27.395416237624,0 -109.928922866667,27.395416237624,0 -109.928922866667,27.395381584158,0 </coordinates>
            </LinearRing>
          </outerBoundaryIs>
        </Polygon>
      </Placemark>
      <Placemark>
        <name>2/3/AYLT/109</name>
        <description>2/3/AYLT/109</description>
        <styleUrl>#m_ylw-pushpin</styleUrl>
        <Polygon>
          <tessellate>1</tessellate>
          <outerBoundaryIs>
            <LinearRing>
              <coordinates>-109.928975733333,27.395381584158,0 -109.929016400000,27.395381584158,0 -109.929016400000,27.395416237624,0 -109.928975733333,27.395416237624,0 -109.928975733333,27.395381584158,0 </coordinates>
            </LinearRing>
          </outerBoundaryIs>
        </Polygon>
      </Placemark>
      <Placemark>
        <name>2/4/AYLT/108</name>
        <description>2/4/AYLT/108</description>
        <styleUrl>#m_ylw-pushpin</styleUrl>
        <Polygon>
          <tessellate>1</tessellate>
          <outerBoundaryIs>
            <LinearRing>
              <coordinates>-109.929028600000,27.395381584158,0 -109.929069266667,27.395381584158,0 -109.929069266667,27.395416237624,0 -109.929028600000,27.395416237624,0 -109.929028600000,27.395381584158,0 </coordinates>
            </LinearRing>
          </outerBoundaryIs>
        </Polygon>
      </Placemark>
      <Placemark>
        <name>2/5/AYLT/107</name>
        <description>2/5/AYLT/107</description>
        <styleUrl>#m_ylw-pushpin</styleUrl>
        <Polygon>
          <tessellate>1</tessellate>
          <outerBoundaryIs>
            <LinearRing>
              <coordinates>-109.929081466667,27.395381584158,0 -109.929122133333,27.395381584158,0 -109.929122133333,27.395416237624,0 -109.929081466667,27.395416237624,0 -109.929081466667,27.395381584158,0 </coordinates>
            </LinearRing>
          </outerBoundaryIs>
        </Polygon>
      </Placemark>
      <Placemark>
        <name>2/6/AYLT/106</name>
        <description>2/6/AYLT/106</description>
        <styleUrl>#m_ylw-pushpin</styleUrl>
        <Polygon>
          <tessellate>1</tessellate>
          <outerBoundaryIs>
            <LinearRing>
              <coordinates>-109.929134333333,27.395381584158,0 -109.929175000000,27.395381584158,0 -109.929175000000,27.395416237624,0 -109.929134333333,27.395416237624,0 -109.929134333333,27.395381584158,0 </coordinates>
            </LinearRing>
          </outerBoundaryIs>
        </Polygon>
      </Placemark>
      <Placemark>
        <name>2/7/AYLT/105</name>
        <description>2/7/AYLT/105</description>
        <styleUrl>#m_ylw-pushpin</styleUrl>
        <Polygon>
          <tessellate>1</tessellate>
          <outerBoundaryIs>
            <LinearRing>
              <coordinates>-109.929187200000,27.395381584158,0 -109.929227866667,27.395381584158,0 -109.929227866667,27.395416237624,0 -109.929187200000,27.395416237624,0 -109.929187200000,27.395381584158,0 </coordinates>
            </LinearRing>
          </outerBoundaryIs>
        </Polygon>
      </Placemark>
      <Placemark>
        <name>2/8/AYLT/104</name>
        <description>2/8/AYLT/104</description>
        <styleUrl>#m_ylw-pushpin</styleUrl>
        <Polygon>
          <tessellate>1</tessellate>
          <outerBoundaryIs>
            <LinearRing>
              <coordinates>-109.929240066667,27.395381584158,0 -109.929280733333,27.395381584158,0 -109.929280733333,27.395416237624,0 -109.929240066667,27.395416237624,0 -109.929240066667,27.395381584158,0 </coordinates>
            </LinearRing>
          </outerBoundaryIs>
        </Polygon>
      </Placemark>
      <Placemark>
        <name>2/9/AYLT/103</name>
        <description>2/9/AYLT/103</description>
        <styleUrl>#m_ylw-pushpin</styleUrl>
        <Polygon>
          <tessellate>1</tessellate>
          <outerBoundaryIs>
            <LinearRing>
              <coordinates>-109.929292933333,27.395381584158,0 -109.929333600000,27.395381584158,0 -109.929333600000,27.395416237624,0 -109.929292933333,27.395416237624,0 -109.929292933333,27.395381584158,0 </coordinates>
            </LinearRing>
          </outerBoundaryIs>
        </Polygon>
      </Placemark>
      <Placemark>
        <name>2/10/AYLT/102</name>
        <description>2/10/AYLT/102</description>
        <styleUrl>#m_ylw-pushpin</styleUrl>
        <Polygon>
          <tessellate>1</tessellate>
          <outerBoundaryIs>
            <LinearRing>
              <coordinates>-109.929345800000,27.395381584158,0 -109.929386466667,27.395381584158,0 -109.929386466667,27.395416237624,0 -109.929345800000,27.395416237624,0 -109.929345800000,27.395381584158,0 </coordinates>
            </LinearRing>
          </outerBoundaryIs>
        </Polygon>
      </Placemark>
      <Placemark>
        <name>2/11/AYLT/101</name>
        <description>2/11/AYLT/101</description>
        <styleUrl>#m_ylw-pushpin</styleUrl>
        <Polygon>
          <tessellate>1</tessellate>
          <outerBoundaryIs>
            <LinearRing>
              <coordinates>-109.929398666667,27.395381584158,0 -109.929439333333,27.395381584158,0 -109.929439333333,27.395416237624,0 -109.929398666667,27.395416237624,0 -109.929398666667,27.395381584158,0 </coordinates>
            </LinearRing>
          </outerBoundaryIs>
        </Polygon>
      </Placemark>
      <Placemark>
        <name>2/12/BORDO/</name>
        <description>2/12/BORDO/</description>
        <styleUrl>#m_ylw-pushpin</styleUrl>
        <Polygon>
          <tessellate>1</tessellate>
          <outerBoundaryIs>
            <LinearRing>
              <coordinates>-109.929451533333,27.395381584158,0 -109.929492200000,27.395381584158,0 -109.929492200000,27.395416237624,0 -109.929451533333,27.395416237624,0 -109.929451533333,27.395381584158,0 </coordinates>
            </LinearRing>
          </outerBoundaryIs>
        </Polygon>
      </Placemark>
      <Placemark>
        <name>3/1/BORDO/</name>
        <description>3/1/BORDO/</description>
        <styleUrl>#m_ylw-pushpin</styleUrl>
        <Polygon>
          <tessellate>1</tessellate>
          <outerBoundaryIs>
            <LinearRing>
              <coordinates>-109.928870000000,27.395423168317,0 -109.928910666667,27.395423168317,0 -109.928910666667,27.395457821782,0 -109.928870000000,27.395457821782,0 -109.928870000000,27.395423168317,0 </coordinates>
            </LinearRing>
          </outerBoundaryIs>
        </Polygon>
      </Placemark>
      <Placemark>
        <name>3/2/AYLT/111</name>
        <description>3/2/AYLT/111</description>
        <styleUrl>#m_ylw-pushpin</styleUrl>
        <Polygon>
          <tessellate>1</tessellate>
          <outerBoundaryIs>
            <LinearRing>
              <coordinates>-109.928922866667,27.395423168317,0 -109.928963533333,27.395423168317,0 -109.928963533333,27.395457821782,0 -109.928922866667,27.395457821782,0 -109.928922866667,27.395423168317,0 </coordinates>
            </LinearRing>
          </outerBoundaryIs>
        </Polygon>
      </Placemark>
      <Placemark>
        <name>3/3/AYLT/112</name>
        <description>3/3/AYLT/112</description>
        <styleUrl>#m_ylw-pushpin</styleUrl>
        <Polygon>
          <tessellate>1</tessellate>
          <outerBoundaryIs>
            <LinearRing>
              <coordinates>-109.928975733333,27.395423168317,0 -109.929016400000,27.395423168317,0 -109.929016400000,27.395457821782,0 -109.928975733333,27.395457821782,0 -109.928975733333,27.395423168317,0 </coordinates>
            </LinearRing>
          </outerBoundaryIs>
        </Polygon>
      </Placemark>
      <Placemark>
        <name>3/4/AYLT/113</name>
        <description>3/4/AYLT/113</description>
        <styleUrl>#m_ylw-pushpin</styleUrl>
        <Polygon>
          <tessellate>1</tessellate>
          <outerBoundaryIs>
            <LinearRing>
              <coordinates>-109.929028600000,27.395423168317,0 -109.929069266667,27.395423168317,0 -109.929069266667,27.395457821782,0 -109.929028600000,27.395457821782,0 -109.929028600000,27.395423168317,0 </coordinates>
            </LinearRing>
          </outerBoundaryIs>
        </Polygon>
      </Placemark>
      <Placemark>
        <name>3/5/AYLT/114</name>
        <description>3/5/AYLT/114</description>
        <styleUrl>#m_ylw-pushpin</styleUrl>
        <Polygon>
          <tessellate>1</tessellate>
          <outerBoundaryIs>
            <LinearRing>
              <coordinates>-109.929081466667,27.395423168317,0 -109.929122133333,27.395423168317,0 -109.929122133333,27.395457821782,0 -109.929081466667,27.395457821782,0 -109.929081466667,27.395423168317,0 </coordinates>
            </LinearRing>
          </outerBoundaryIs>
        </Polygon>
      </Placemark>
      <Placemark>
        <name>3/6/AYLT/115</name>
        <description>3/6/AYLT/115</description>
        <styleUrl>#m_ylw-pushpin</styleUrl>
        <Polygon>
          <tessellate>1</tessellate>
          <outerBoundaryIs>
            <LinearRing>
              <coordinates>-109.929134333333,27.395423168317,0 -109.929175000000,27.395423168317,0 -109.929175000000,27.395457821782,0 -109.929134333333,27.395457821782,0 -109.929134333333,27.395423168317,0 </coordinates>
            </LinearRing>
          </outerBoundaryIs>
        </Polygon>
      </Placemark>
      <Placemark>
        <name>3/7/AYLT/116</name>
        <description>3/7/AYLT/116</description>
        <styleUrl>#m_ylw-pushpin</styleUrl>
        <Polygon>
          <tessellate>1</tessellate>
          <outerBoundaryIs>
            <LinearRing>
              <coordinates>-109.929187200000,27.395423168317,0 -109.929227866667,27.395423168317,0 -109.929227866667,27.395457821782,0 -109.929187200000,27.395457821782,0 -109.929187200000,27.395423168317,0 </coordinates>
            </LinearRing>
          </outerBoundaryIs>
        </Polygon>
      </Placemark>
      <Placemark>
        <name>3/8/AYLT/117</name>
        <description>3/8/AYLT/117</description>
        <styleUrl>#m_ylw-pushpin</styleUrl>
        <Polygon>
          <tessellate>1</tessellate>
          <outerBoundaryIs>
            <LinearRing>
              <coordinates>-109.929240066667,27.395423168317,0 -109.929280733333,27.395423168317,0 -109.929280733333,27.395457821782,0 -109.929240066667,27.395457821782,0 -109.929240066667,27.395423168317,0 </coordinates>
            </LinearRing>
          </outerBoundaryIs>
        </Polygon>
      </Placemark>
      <Placemark>
        <name>3/9/AYLT/118</name>
        <description>3/9/AYLT/118</description>
        <styleUrl>#m_ylw-pushpin</styleUrl>
        <Polygon>
          <tessellate>1</tessellate>
          <outerBoundaryIs>
            <LinearRing>
              <coordinates>-109.929292933333,27.395423168317,0 -109.929333600000,27.395423168317,0 -109.929333600000,27.395457821782,0 -109.929292933333,27.395457821782,0 -109.929292933333,27.395423168317,0 </coordinates>
            </LinearRing>
          </outerBoundaryIs>
        </Polygon>
      </Placemark>
      <Placemark>
        <name>3/10/AYLT/119</name>
        <description>3/10/AYLT/119</description>
        <styleUrl>#m_ylw-pushpin</styleUrl>
        <Polygon>
          <tessellate>1</tessellate>
          <outerBoundaryIs>
            <LinearRing>
              <coordinates>-109.929345800000,27.395423168317,0 -109.929386466667,27.395423168317,0 -109.929386466667,27.395457821782,0 -109.929345800000,27.395457821782,0 -109.929345800000,27.395423168317,0 </coordinates>
            </LinearRing>
          </outerBoundaryIs>
        </Polygon>
      </Placemark>
      <Placemark>
        <name>3/11/AYLT/120</name>
        <description>3/11/AYLT/120</description>
        <styleUrl>#m_ylw-pushpin</styleUrl>
        <Polygon>
          <tessellate>1</tessellate>
          <outerBoundaryIs>
            <LinearRing>
              <coordinates>-109.929398666667,27.395423168317,0 -109.929439333333,27.395423168317,0 -109.929439333333,27.395457821782,0 -109.929398666667,27.395457821782,0 -109.929398666667,27.395423168317,0 </coordinates>
            </LinearRing>
          </outerBoundaryIs>
        </Polygon>
      </Placemark>
      <Placemark>
        <name>3/12/BORDO/</name>
        <description>3/12/BORDO/</description>
        <styleUrl>#m_ylw-pushpin</styleUrl>
        <Polygon>
          <tessellate>1</tessellate>
          <outerBoundaryIs>
            <LinearRing>
              <coordinates>-109.929451533333,27.395423168317,0 -109.929492200000,27.395423168317,0 -109.929492200000,27.395457821782,0 -109.929451533333,27.395457821782,0 -109.929451533333,27.395423168317,0 </coordinates>
            </LinearRing>
          </outerBoundaryIs>
        </Polygon>
      </Placemark>
      <Placemark>
        <name>4/1/BORDO/</name>
        <description>4/1/BORDO/</description>
        <styleUrl>#m_ylw-pushpin</styleUrl>
        <Polygon>
          <tessellate>1</tessellate>
          <outerBoundaryIs>
            <LinearRing>
              <coordinates>-109.928870000000,27.395464752475,0 -109.928910666667,27.395464752475,0 -109.928910666667,27.395499405941,0 -109.928870000000,27.395499405941,0 -109.928870000000,27.395464752475,0 </coordinates>
            </LinearRing>
          </outerBoundaryIs>
        </Polygon>
      </Placemark>
      <Placemark>
        <name>4/2/AYLT/130</name>
        <description>4/2/AYLT/130</description>
        <styleUrl>#m_ylw-pushpin</styleUrl>
        <Polygon>
          <tessellate>1</tessellate>
          <outerBoundaryIs>
            <LinearRing>
              <coordinates>-109.928922866667,27.395464752475,0 -109.928963533333,27.395464752475,0 -109.928963533333,27.395499405941,0 -109.928922866667,27.395499405941,0 -109.928922866667,27.395464752475,0 </coordinates>
            </LinearRing>
          </outerBoundaryIs>
        </Polygon>
      </Placemark>
      <Placemark>
        <name>4/3/AYLT/129</name>
        <description>4/3/AYLT/129</description>
        <styleUrl>#m_ylw-pushpin</styleUrl>
        <Polygon>
          <tessellate>1</tessellate>
          <outerBoundaryIs>
            <LinearRing>
              <coordinates>-109.928975733333,27.395464752475,0 -109.929016400000,27.395464752475,0 -109.929016400000,27.395499405941,0 -109.928975733333,27.395499405941,0 -109.928975733333,27.395464752475,0 </coordinates>
            </LinearRing>
          </outerBoundaryIs>
        </Polygon>
      </Placemark>
      <Placemark>
        <name>4/4/AYLT/128</name>
        <description>4/4/AYLT/128</description>
        <styleUrl>#m_ylw-pushpin</styleUrl>
        <Polygon>
          <tessellate>1</tessellate>
          <outerBoundaryIs>
            <LinearRing>
              <coordinates>-109.929028600000,27.395464752475,0 -109.929069266667,27.395464752475,0 -109.929069266667,27.395499405941,0 -109.929028600000,27.395499405941,0 -109.929028600000,27.395464752475,0 </coordinates>
            </LinearRing>
          </outerBoundaryIs>
        </Polygon>
      </Placemark>
      <Placemark>
        <name>4/5/AYLT/127</name>
        <description>4/5/AYLT/127</description>
        <styleUrl>#m_ylw-pushpin</styleUrl>
        <Polygon>
          <tessellate>1</tessellate>
          <outerBoundaryIs>
            <LinearRing>
              <coordinates>-109.929081466667,27.395464752475,0 -109.929122133333,27.395464752475,0 -109.929122133333,27.395499405941,0 -109.929081466667,27.395499405941,0 -109.929081466667,27.395464752475,0 </coordinates>
            </LinearRing>
          </outerBoundaryIs>
        </Polygon>
      </Placemark>
      <Placemark>
        <name>4/6/AYLT/126</name>
        <description>4/6/AYLT/126</description>
        <styleUrl>#m_ylw-pushpin</styleUrl>
        <Polygon>
          <tessellate>1</tessellate>
          <outerBoundaryIs>
            <LinearRing>
              <coordinates>-109.929134333333,27.395464752475,0 -109.929175000000,27.395464752475,0 -109.929175000000,27.395499405941,0 -109.929134333333,27.395499405941,0 -109.929134333333,27.395464752475,0 </coordinates>
            </LinearRing>
          </outerBoundaryIs>
        </Polygon>
      </Placemark>
      <Placemark>
        <name>4/7/AYLT/125</name>
        <description>4/7/AYLT/125</description>
        <styleUrl>#m_ylw-pushpin</styleUrl>
        <Polygon>
          <tessellate>1</tessellate>
          <outerBoundaryIs>
            <LinearRing>
              <coordinates>-109.929187200000,27.395464752475,0 -109.929227866667,27.395464752475,0 -109.929227866667,27.395499405941,0 -109.929187200000,27.395499405941,0 -109.929187200000,27.395464752475,0 </coordinates>
            </LinearRing>
          </outerBoundaryIs>
        </Polygon>
      </Placemark>
      <Placemark>
        <name>4/8/AYLT/124</name>
        <description>4/8/AYLT/124</description>
        <styleUrl>#m_ylw-pushpin</styleUrl>
        <Polygon>
          <tessellate>1</tessellate>
          <outerBoundaryIs>
            <LinearRing>
              <coordinates>-109.929240066667,27.395464752475,0 -109.929280733333,27.395464752475,0 -109.929280733333,27.395499405941,0 -109.929240066667,27.395499405941,0 -109.929240066667,27.395464752475,0 </coordinates>
            </LinearRing>
          </outerBoundaryIs>
        </Polygon>
      </Placemark>
      <Placemark>
        <name>4/9/AYLT/123</name>
        <description>4/9/AYLT/123</description>
        <styleUrl>#m_ylw-pushpin</styleUrl>
        <Polygon>
          <tessellate>1</tessellate>
          <outerBoundaryIs>
            <LinearRing>
              <coordinates>-109.929292933333,27.395464752475,0 -109.929333600000,27.395464752475,0 -109.929333600000,27.395499405941,0 -109.929292933333,27.395499405941,0 -109.929292933333,27.395464752475,0 </coordinates>
            </LinearRing>
          </outerBoundaryIs>
        </Polygon>
      </Placemark>
      <Placemark>
        <name>4/10/AYLT/122</name>
        <description>4/10/AYLT/122</description>
        <styleUrl>#m_ylw-pushpin</styleUrl>
        <Polygon>
          <tessellate>1</tessellate>
          <outerBoundaryIs>
            <LinearRing>
              <coordinates>-109.929345800000,27.395464752475,0 -109.929386466667,27.395464752475,0 -109.929386466667,27.395499405941,0 -109.929345800000,27.395499405941,0 -109.929345800000,27.395464752475,0 </coordinates>
            </LinearRing>
          </outerBoundaryIs>
        </Polygon>
      </Placemark>
      <Placemark>
        <name>4/11/AYLT/121</name>
        <description>4/11/AYLT/121</description>
        <styleUrl>#m_ylw-pushpin</styleUrl>
        <Polygon>
          <tessellate>1</tessellate>
          <outerBoundaryIs>
            <LinearRing>
              <coordinates>-109.929398666667,27.395464752475,0 -109.929439333333,27.395464752475,0 -109.929439333333,27.395499405941,0 -109.929398666667,27.395499405941,0 -109.929398666667,27.395464752475,0 </coordinates>
            </LinearRing>
          </outerBoundaryIs>
        </Polygon>
      </Placemark>
      <Placemark>
        <name>4/12/BORDO/</name>
        <description>4/12/BORDO/</description>
        <styleUrl>#m_ylw-pushpin</styleUrl>
        <Polygon>
          <tessellate>1</tessellate>
          <outerBoundaryIs>
            <LinearRing>
              <coordinates>-109.929451533333,27.395464752475,0 -109.929492200000,27.395464752475,0 -109.929492200000,27.395499405941,0 -109.929451533333,27.395499405941,0 -109.929451533333,27.395464752475,0 </coordinates>
            </LinearRing>
          </outerBoundaryIs>
        </Polygon>
      </Placemark>
      <Placemark>
        <name>5/1/BORDO/</name>
        <description>5/1/BORDO/</description>
        <styleUrl>#m_ylw-pushpin</styleUrl>
        <Polygon>
          <tessellate>1</tessellate>
          <outerBoundaryIs>
            <LinearRing>
              <coordinates>-109.928870000000,27.395506336634,0 -109.928910666667,27.395506336634,0 -109.928910666667,27.395540990099,0 -109.928870000000,27.395540990099,0 -109.928870000000,27.395506336634,0 </coordinates>
            </LinearRing>
          </outerBoundaryIs>
        </Polygon>
      </Placemark>
      <Placemark>
        <name>5/2/AYLT/131</name>
        <description>5/2/AYLT/131</description>
        <styleUrl>#m_ylw-pushpin</styleUrl>
        <Polygon>
          <tessellate>1</tessellate>
          <outerBoundaryIs>
            <LinearRing>
              <coordinates>-109.928922866667,27.395506336634,0 -109.928963533333,27.395506336634,0 -109.928963533333,27.395540990099,0 -109.928922866667,27.395540990099,0 -109.928922866667,27.395506336634,0 </coordinates>
            </LinearRing>
          </outerBoundaryIs>
        </Polygon>
      </Placemark>
      <Placemark>
        <name>5/3/AYLT/132</name>
        <description>5/3/AYLT/132</description>
        <styleUrl>#m_ylw-pushpin</styleUrl>
        <Polygon>
          <tessellate>1</tessellate>
          <outerBoundaryIs>
            <LinearRing>
              <coordinates>-109.928975733333,27.395506336634,0 -109.929016400000,27.395506336634,0 -109.929016400000,27.395540990099,0 -109.928975733333,27.395540990099,0 -109.928975733333,27.395506336634,0 </coordinates>
            </LinearRing>
          </outerBoundaryIs>
        </Polygon>
      </Placemark>
      <Placemark>
        <name>5/4/AYLT/133</name>
        <description>5/4/AYLT/133</description>
        <styleUrl>#m_ylw-pushpin</styleUrl>
        <Polygon>
          <tessellate>1</tessellate>
          <outerBoundaryIs>
            <LinearRing>
              <coordinates>-109.929028600000,27.395506336634,0 -109.929069266667,27.395506336634,0 -109.929069266667,27.395540990099,0 -109.929028600000,27.395540990099,0 -109.929028600000,27.395506336634,0 </coordinates>
            </LinearRing>
          </outerBoundaryIs>
        </Polygon>
      </Placemark>
      <Placemark>
        <name>5/5/AYLT/134</name>
        <description>5/5/AYLT/134</description>
        <styleUrl>#m_ylw-pushpin</styleUrl>
        <Polygon>
          <tessellate>1</tessellate>
          <outerBoundaryIs>
            <LinearRing>
              <coordinates>-109.929081466667,27.395506336634,0 -109.929122133333,27.395506336634,0 -109.929122133333,27.395540990099,0 -109.929081466667,27.395540990099,0 -109.929081466667,27.395506336634,0 </coordinates>
            </LinearRing>
          </outerBoundaryIs>
        </Polygon>
      </Placemark>
      <Placemark>
        <name>5/6/AYLT/135</name>
        <description>5/6/AYLT/135</description>
        <styleUrl>#m_ylw-pushpin</styleUrl>
        <Polygon>
          <tessellate>1</tessellate>
          <outerBoundaryIs>
            <LinearRing>
              <coordinates>-109.929134333333,27.395506336634,0 -109.929175000000,27.395506336634,0 -109.929175000000,27.395540990099,0 -109.929134333333,27.395540990099,0 -109.929134333333,27.395506336634,0 </coordinates>
            </LinearRing>
          </outerBoundaryIs>
        </Polygon>
      </Placemark>
      <Placemark>
        <name>5/7/AYLT/136</name>
        <description>5/7/AYLT/136</description>
        <styleUrl>#m_ylw-pushpin</styleUrl>
        <Polygon>
          <tessellate>1</tessellate>
          <outerBoundaryIs>
            <LinearRing>
              <coordinates>-109.929187200000,27.395506336634,0 -109.929227866667,27.395506336634,0 -109.929227866667,27.395540990099,0 -109.929187200000,27.395540990099,0 -109.929187200000,27.395506336634,0 </coordinates>
            </LinearRing>
          </outerBoundaryIs>
        </Polygon>
      </Placemark>
      <Placemark>
        <name>5/8/AYLT/137</name>
        <description>5/8/AYLT/137</description>
        <styleUrl>#m_ylw-pushpin</styleUrl>
        <Polygon>
          <tessellate>1</tessellate>
          <outerBoundaryIs>
            <LinearRing>
              <coordinates>-109.929240066667,27.395506336634,0 -109.929280733333,27.395506336634,0 -109.929280733333,27.395540990099,0 -109.929240066667,27.395540990099,0 -109.929240066667,27.395506336634,0 </coordinates>
            </LinearRing>
          </outerBoundaryIs>
        </Polygon>
      </Placemark>
      <Placemark>
        <name>5/9/AYLT/138</name>
        <description>5/9/AYLT/138</description>
        <styleUrl>#m_ylw-pushpin</styleUrl>
        <Polygon>
          <tessellate>1</tessellate>
          <outerBoundaryIs>
            <LinearRing>
              <coordinates>-109.929292933333,27.395506336634,0 -109.929333600000,27.395506336634,0 -109.929333600000,27.395540990099,0 -109.929292933333,27.395540990099,0 -109.929292933333,27.395506336634,0 </coordinates>
            </LinearRing>
          </outerBoundaryIs>
        </Polygon>
      </Placemark>
      <Placemark>
        <name>5/10/AYLT/139</name>
        <description>5/10/AYLT/139</description>
        <styleUrl>#m_ylw-pushpin</styleUrl>
        <Polygon>
          <tessellate>1</tessellate>
          <outerBoundaryIs>
            <LinearRing>
              <coordinates>-109.929345800000,27.395506336634,0 -109.929386466667,27.395506336634,0 -109.929386466667,27.395540990099,0 -109.929345800000,27.395540990099,0 -109.929345800000,27.395506336634,0 </coordinates>
            </LinearRing>
          </outerBoundaryIs>
        </Polygon>
      </Placemark>
      <Placemark>
        <name>5/11/AYLT/140</name>
        <description>5/11/AYLT/140</description>
        <styleUrl>#m_ylw-pushpin</styleUrl>
        <Polygon>
          <tessellate>1</tessellate>
          <outerBoundaryIs>
            <LinearRing>
              <coordinates>-109.929398666667,27.395506336634,0 -109.929439333333,27.395506336634,0 -109.929439333333,27.395540990099,0 -109.929398666667,27.395540990099,0 -109.929398666667,27.395506336634,0 </coordinates>
            </LinearRing>
          </outerBoundaryIs>
        </Polygon>
      </Placemark>
      <Placemark>
        <name>5/12/BORDO/</name>
        <description>5/12/BORDO/</description>
        <styleUrl>#m_ylw-pushpin</styleUrl>
        <Polygon>
          <tessellate>1</tessellate>
          <outerBoundaryIs>
            <LinearRing>
              <coordinates>-109.929451533333,27.395506336634,0 -109.929492200000,27.395506336634,0 -109.929492200000,27.395540990099,0 -109.929451533333,27.395540990099,0 -109.929451533333,27.395506336634,0 </coordinates>
            </LinearRing>
          </outerBoundaryIs>
        </Polygon>
      </Placemark>
      <Placemark>
        <name>6/1/BORDO/</name>
        <description>6/1/BORDO/</description>
        <styleUrl>#m_ylw-pushpin</styleUrl>
        <Polygon>
          <tessellate>1</tessellate>
          <outerBoundaryIs>
            <LinearRing>
              <coordinates>-109.928870000000,27.395547920792,0 -109.928910666667,27.395547920792,0 -109.928910666667,27.395582574257,0 -109.928870000000,27.395582574257,0 -109.928870000000,27.395547920792,0 </coordinates>
            </LinearRing>
          </outerBoundaryIs>
        </Polygon>
      </Placemark>
      <Placemark>
        <name>6/2/AYLT/150</name>
        <description>6/2/AYLT/150</description>
        <styleUrl>#m_ylw-pushpin</styleUrl>
        <Polygon>
          <tessellate>1</tessellate>
          <outerBoundaryIs>
            <LinearRing>
              <coordinates>-109.928922866667,27.395547920792,0 -109.928963533333,27.395547920792,0 -109.928963533333,27.395582574257,0 -109.928922866667,27.395582574257,0 -109.928922866667,27.395547920792,0 </coordinates>
            </LinearRing>
          </outerBoundaryIs>
        </Polygon>
      </Placemark>
      <Placemark>
        <name>6/3/AYLT/149</name>
        <description>6/3/AYLT/149</description>
        <styleUrl>#m_ylw-pushpin</styleUrl>
        <Polygon>
          <tessellate>1</tessellate>
          <outerBoundaryIs>
            <LinearRing>
              <coordinates>-109.928975733333,27.395547920792,0 -109.929016400000,27.395547920792,0 -109.929016400000,27.395582574257,0 -109.928975733333,27.395582574257,0 -109.928975733333,27.395547920792,0 </coordinates>
            </LinearRing>
          </outerBoundaryIs>
        </Polygon>
      </Placemark>
      <Placemark>
        <name>6/4/AYLT/148</name>
        <description>6/4/AYLT/148</description>
        <styleUrl>#m_ylw-pushpin</styleUrl>
        <Polygon>
          <tessellate>1</tessellate>
          <outerBoundaryIs>
            <LinearRing>
              <coordinates>-109.929028600000,27.395547920792,0 -109.929069266667,27.395547920792,0 -109.929069266667,27.395582574257,0 -109.929028600000,27.395582574257,0 -109.929028600000,27.395547920792,0 </coordinates>
            </LinearRing>
          </outerBoundaryIs>
        </Polygon>
      </Placemark>
      <Placemark>
        <name>6/5/AYLT/147</name>
        <description>6/5/AYLT/147</description>
        <styleUrl>#m_ylw-pushpin</styleUrl>
        <Polygon>
          <tessellate>1</tessellate>
          <outerBoundaryIs>
            <LinearRing>
              <coordinates>-109.929081466667,27.395547920792,0 -109.929122133333,27.395547920792,0 -109.929122133333,27.395582574257,0 -109.929081466667,27.395582574257,0 -109.929081466667,27.395547920792,0 </coordinates>
            </LinearRing>
          </outerBoundaryIs>
        </Polygon>
      </Placemark>
      <Placemark>
        <name>6/6/AYLT/146</name>
        <description>6/6/AYLT/146</description>
        <styleUrl>#m_ylw-pushpin</styleUrl>
        <Polygon>
          <tessellate>1</tessellate>
          <outerBoundaryIs>
            <LinearRing>
              <coordinates>-109.929134333333,27.395547920792,0 -109.929175000000,27.395547920792,0 -109.929175000000,27.395582574257,0 -109.929134333333,27.395582574257,0 -109.929134333333,27.395547920792,0 </coordinates>
            </LinearRing>
          </outerBoundaryIs>
        </Polygon>
      </Placemark>
      <Placemark>
        <name>6/7/AYLT/145</name>
        <description>6/7/AYLT/145</description>
        <styleUrl>#m_ylw-pushpin</styleUrl>
        <Polygon>
          <tessellate>1</tessellate>
          <outerBoundaryIs>
            <LinearRing>
              <coordinates>-109.929187200000,27.395547920792,0 -109.929227866667,27.395547920792,0 -109.929227866667,27.395582574257,0 -109.929187200000,27.395582574257,0 -109.929187200000,27.395547920792,0 </coordinates>
            </LinearRing>
          </outerBoundaryIs>
        </Polygon>
      </Placemark>
      <Placemark>
        <name>6/8/AYLT/144</name>
        <description>6/8/AYLT/144</description>
        <styleUrl>#m_ylw-pushpin</styleUrl>
        <Polygon>
          <tessellate>1</tessellate>
          <outerBoundaryIs>
            <LinearRing>
              <coordinates>-109.929240066667,27.395547920792,0 -109.929280733333,27.395547920792,0 -109.929280733333,27.395582574257,0 -109.929240066667,27.395582574257,0 -109.929240066667,27.395547920792,0 </coordinates>
            </LinearRing>
          </outerBoundaryIs>
        </Polygon>
      </Placemark>
      <Placemark>
        <name>6/9/AYLT/143</name>
        <description>6/9/AYLT/143</description>
        <styleUrl>#m_ylw-pushpin</styleUrl>
        <Polygon>
          <tessellate>1</tessellate>
          <outerBoundaryIs>
            <LinearRing>
              <coordinates>-109.929292933333,27.395547920792,0 -109.929333600000,27.395547920792,0 -109.929333600000,27.395582574257,0 -109.929292933333,27.395582574257,0 -109.929292933333,27.395547920792,0 </coordinates>
            </LinearRing>
          </outerBoundaryIs>
        </Polygon>
      </Placemark>
      <Placemark>
        <name>6/10/AYLT/142</name>
        <description>6/10/AYLT/142</description>
        <styleUrl>#m_ylw-pushpin</styleUrl>
        <Polygon>
          <tessellate>1</tessellate>
          <outerBoundaryIs>
            <LinearRing>
              <coordinates>-109.929345800000,27.395547920792,0 -109.929386466667,27.395547920792,0 -109.929386466667,27.395582574257,0 -109.929345800000,27.395582574257,0 -109.929345800000,27.395547920792,0 </coordinates>
            </LinearRing>
          </outerBoundaryIs>
        </Polygon>
      </Placemark>
      <Placemark>
        <name>6/11/AYLT/141</name>
        <description>6/11/AYLT/141</description>
        <styleUrl>#m_ylw-pushpin</styleUrl>
        <Polygon>
          <tessellate>1</tessellate>
          <outerBoundaryIs>
            <LinearRing>
              <coordinates>-109.929398666667,27.395547920792,0 -109.929439333333,27.395547920792,0 -109.929439333333,27.395582574257,0 -109.929398666667,27.395582574257,0 -109.929398666667,27.395547920792,0 </coordinates>
            </LinearRing>
          </outerBoundaryIs>
        </Polygon>
      </Placemark>
      <Placemark>
        <name>6/12/BORDO/</name>
        <description>6/12/BORDO/</description>
        <styleUrl>#m_ylw-pushpin</styleUrl>
        <Polygon>
          <tessellate>1</tessellate>
          <outerBoundaryIs>
            <LinearRing>
              <coordinates>-109.929451533333,27.395547920792,0 -109.929492200000,27.395547920792,0 -109.929492200000,27.395582574257,0 -109.929451533333,27.395582574257,0 -109.929451533333,27.395547920792,0 </coordinates>
            </LinearRing>
          </outerBoundaryIs>
        </Polygon>
      </Placemark>
      <Placemark>
        <name>7/1/BORDO/</name>
        <description>7/1/BORDO/</description>
        <styleUrl>#m_ylw-pushpin</styleUrl>
        <Polygon>
          <tessellate>1</tessellate>
          <outerBoundaryIs>
            <LinearRing>
              <coordinates>-109.928870000000,27.395589504951,0 -109.928910666667,27.395589504951,0 -109.928910666667,27.395624158416,0 -109.928870000000,27.395624158416,0 -109.928870000000,27.395589504951,0 </coordinates>
            </LinearRing>
          </outerBoundaryIs>
        </Polygon>
      </Placemark>
      <Placemark>
        <name>7/2/AYLT/151</name>
        <description>7/2/AYLT/151</description>
        <styleUrl>#m_ylw-pushpin</styleUrl>
        <Polygon>
          <tessellate>1</tessellate>
          <outerBoundaryIs>
            <LinearRing>
              <coordinates>-109.928922866667,27.395589504951,0 -109.928963533333,27.395589504951,0 -109.928963533333,27.395624158416,0 -109.928922866667,27.395624158416,0 -109.928922866667,27.395589504951,0 </coordinates>
            </LinearRing>
          </outerBoundaryIs>
        </Polygon>
      </Placemark>
      <Placemark>
        <name>7/3/AYLT/152</name>
        <description>7/3/AYLT/152</description>
        <styleUrl>#m_ylw-pushpin</styleUrl>
        <Polygon>
          <tessellate>1</tessellate>
          <outerBoundaryIs>
            <LinearRing>
              <coordinates>-109.928975733333,27.395589504951,0 -109.929016400000,27.395589504951,0 -109.929016400000,27.395624158416,0 -109.928975733333,27.395624158416,0 -109.928975733333,27.395589504951,0 </coordinates>
            </LinearRing>
          </outerBoundaryIs>
        </Polygon>
      </Placemark>
      <Placemark>
        <name>7/4/AYLT/153</name>
        <description>7/4/AYLT/153</description>
        <styleUrl>#m_ylw-pushpin</styleUrl>
        <Polygon>
          <tessellate>1</tessellate>
          <outerBoundaryIs>
            <LinearRing>
              <coordinates>-109.929028600000,27.395589504951,0 -109.929069266667,27.395589504951,0 -109.929069266667,27.395624158416,0 -109.929028600000,27.395624158416,0 -109.929028600000,27.395589504951,0 </coordinates>
            </LinearRing>
          </outerBoundaryIs>
        </Polygon>
      </Placemark>
      <Placemark>
        <name>7/5/AYLT/154</name>
        <description>7/5/AYLT/154</description>
        <styleUrl>#m_ylw-pushpin</styleUrl>
        <Polygon>
          <tessellate>1</tessellate>
          <outerBoundaryIs>
            <LinearRing>
              <coordinates>-109.929081466667,27.395589504951,0 -109.929122133333,27.395589504951,0 -109.929122133333,27.395624158416,0 -109.929081466667,27.395624158416,0 -109.929081466667,27.395589504951,0 </coordinates>
            </LinearRing>
          </outerBoundaryIs>
        </Polygon>
      </Placemark>
      <Placemark>
        <name>7/6/AYLT/155</name>
        <description>7/6/AYLT/155</description>
        <styleUrl>#m_ylw-pushpin</styleUrl>
        <Polygon>
          <tessellate>1</tessellate>
          <outerBoundaryIs>
            <LinearRing>
              <coordinates>-109.929134333333,27.395589504951,0 -109.929175000000,27.395589504951,0 -109.929175000000,27.395624158416,0 -109.929134333333,27.395624158416,0 -109.929134333333,27.395589504951,0 </coordinates>
            </LinearRing>
          </outerBoundaryIs>
        </Polygon>
      </Placemark>
      <Placemark>
        <name>7/7/AYLT/156</name>
        <description>7/7/AYLT/156</description>
        <styleUrl>#m_ylw-pushpin</styleUrl>
        <Polygon>
          <tessellate>1</tessellate>
          <outerBoundaryIs>
            <LinearRing>
              <coordinates>-109.929187200000,27.395589504951,0 -109.929227866667,27.395589504951,0 -109.929227866667,27.395624158416,0 -109.929187200000,27.395624158416,0 -109.929187200000,27.395589504951,0 </coordinates>
            </LinearRing>
          </outerBoundaryIs>
        </Polygon>
      </Placemark>
      <Placemark>
        <name>7/8/AYLT/157</name>
        <description>7/8/AYLT/157</description>
        <styleUrl>#m_ylw-pushpin</styleUrl>
        <Polygon>
          <tessellate>1</tessellate>
          <outerBoundaryIs>
            <LinearRing>
              <coordinates>-109.929240066667,27.395589504951,0 -109.929280733333,27.395589504951,0 -109.929280733333,27.395624158416,0 -109.929240066667,27.395624158416,0 -109.929240066667,27.395589504951,0 </coordinates>
            </LinearRing>
          </outerBoundaryIs>
        </Polygon>
      </Placemark>
      <Placemark>
        <name>7/9/AYLT/158</name>
        <description>7/9/AYLT/158</description>
        <styleUrl>#m_ylw-pushpin</styleUrl>
        <Polygon>
          <tessellate>1</tessellate>
          <outerBoundaryIs>
            <LinearRing>
              <coordinates>-109.929292933333,27.395589504951,0 -109.929333600000,27.395589504951,0 -109.929333600000,27.395624158416,0 -109.929292933333,27.395624158416,0 -109.929292933333,27.395589504951,0 </coordinates>
            </LinearRing>
          </outerBoundaryIs>
        </Polygon>
      </Placemark>
      <Placemark>
        <name>7/10/AYLT/159</name>
        <description>7/10/AYLT/159</description>
        <styleUrl>#m_ylw-pushpin</styleUrl>
        <Polygon>
          <tessellate>1</tessellate>
          <outerBoundaryIs>
            <LinearRing>
              <coordinates>-109.929345800000,27.395589504951,0 -109.929386466667,27.395589504951,0 -109.929386466667,27.395624158416,0 -109.929345800000,27.395624158416,0 -109.929345800000,27.395589504951,0 </coordinates>
            </LinearRing>
          </outerBoundaryIs>
        </Polygon>
      </Placemark>
      <Placemark>
        <name>7/11/AYLT/160</name>
        <description>7/11/AYLT/160</description>
        <styleUrl>#m_ylw-pushpin</styleUrl>
        <Polygon>
          <tessellate>1</tessellate>
          <outerBoundaryIs>
            <LinearRing>
              <coordinates>-109.929398666667,27.395589504951,0 -109.929439333333,27.395589504951,0 -109.929439333333,27.395624158416,0 -109.929398666667,27.395624158416,0 -109.929398666667,27.395589504951,0 </coordinates>
            </LinearRing>
          </outerBoundaryIs>
        </Polygon>
      </Placemark>
      <Placemark>
        <name>7/12/BORDO/</name>
        <description>7/12/BORDO/</description>
        <styleUrl>#m_ylw-pushpin</styleUrl>
        <Polygon>
          <tessellate>1</tessellate>
          <outerBoundaryIs>
            <LinearRing>
              <coordinates>-109.929451533333,27.395589504951,0 -109.929492200000,27.395589504951,0 -109.929492200000,27.395624158416,0 -109.929451533333,27.395624158416,0 -109.929451533333,27.395589504951,0 </coordinates>
            </LinearRing>
          </outerBoundaryIs>
        </Polygon>
      </Placemark>
      <Placemark>
        <name>8/1/BORDO/</name>
        <description>8/1/BORDO/</description>
        <styleUrl>#m_ylw-pushpin</styleUrl>
        <Polygon>
          <tessellate>1</tessellate>
          <outerBoundaryIs>
            <LinearRing>
              <coordinates>-109.928870000000,27.395631089109,0 -109.928910666667,27.395631089109,0 -109.928910666667,27.395665742574,0 -109.928870000000,27.395665742574,0 -109.928870000000,27.395631089109,0 </coordinates>
            </LinearRing>
          </outerBoundaryIs>
        </Polygon>
      </Placemark>
      <Placemark>
        <name>8/2/BORDO/</name>
        <description>8/2/BORDO/</description>
        <styleUrl>#m_ylw-pushpin</styleUrl>
        <Polygon>
          <tessellate>1</tessellate>
          <outerBoundaryIs>
            <LinearRing>
              <coordinates>-109.928922866667,27.395631089109,0 -109.928963533333,27.395631089109,0 -109.928963533333,27.395665742574,0 -109.928922866667,27.395665742574,0 -109.928922866667,27.395631089109,0 </coordinates>
            </LinearRing>
          </outerBoundaryIs>
        </Polygon>
      </Placemark>
      <Placemark>
        <name>8/3/BORDO/</name>
        <description>8/3/BORDO/</description>
        <styleUrl>#m_ylw-pushpin</styleUrl>
        <Polygon>
          <tessellate>1</tessellate>
          <outerBoundaryIs>
            <LinearRing>
              <coordinates>-109.928975733333,27.395631089109,0 -109.929016400000,27.395631089109,0 -109.929016400000,27.395665742574,0 -109.928975733333,27.395665742574,0 -109.928975733333,27.395631089109,0 </coordinates>
            </LinearRing>
          </outerBoundaryIs>
        </Polygon>
      </Placemark>
      <Placemark>
        <name>8/4/BORDO/</name>
        <description>8/4/BORDO/</description>
        <styleUrl>#m_ylw-pushpin</styleUrl>
        <Polygon>
          <tessellate>1</tessellate>
          <outerBoundaryIs>
            <LinearRing>
              <coordinates>-109.929028600000,27.395631089109,0 -109.929069266667,27.395631089109,0 -109.929069266667,27.395665742574,0 -109.929028600000,27.395665742574,0 -109.929028600000,27.395631089109,0 </coordinates>
            </LinearRing>
          </outerBoundaryIs>
        </Polygon>
      </Placemark>
      <Placemark>
        <name>8/5/BORDO/</name>
        <description>8/5/BORDO/</description>
        <styleUrl>#m_ylw-pushpin</styleUrl>
        <Polygon>
          <tessellate>1</tessellate>
          <outerBoundaryIs>
            <LinearRing>
              <coordinates>-109.929081466667,27.395631089109,0 -109.929122133333,27.395631089109,0 -109.929122133333,27.395665742574,0 -109.929081466667,27.395665742574,0 -109.929081466667,27.395631089109,0 </coordinates>
            </LinearRing>
          </outerBoundaryIs>
        </Polygon>
      </Placemark>
      <Placemark>
        <name>8/6/BORDO/</name>
        <description>8/6/BORDO/</description>
        <styleUrl>#m_ylw-pushpin</styleUrl>
        <Polygon>
          <tessellate>1</tessellate>
          <outerBoundaryIs>
            <LinearRing>
              <coordinates>-109.929134333333,27.395631089109,0 -109.929175000000,27.395631089109,0 -109.929175000000,27.395665742574,0 -109.929134333333,27.395665742574,0 -109.929134333333,27.395631089109,0 </coordinates>
            </LinearRing>
          </outerBoundaryIs>
        </Polygon>
      </Placemark>
      <Placemark>
        <name>8/7/BORDO/</name>
        <description>8/7/BORDO/</description>
        <styleUrl>#m_ylw-pushpin</styleUrl>
        <Polygon>
          <tessellate>1</tessellate>
          <outerBoundaryIs>
            <LinearRing>
              <coordinates>-109.929187200000,27.395631089109,0 -109.929227866667,27.395631089109,0 -109.929227866667,27.395665742574,0 -109.929187200000,27.395665742574,0 -109.929187200000,27.395631089109,0 </coordinates>
            </LinearRing>
          </outerBoundaryIs>
        </Polygon>
      </Placemark>
      <Placemark>
        <name>8/8/BORDO/</name>
        <description>8/8/BORDO/</description>
        <styleUrl>#m_ylw-pushpin</styleUrl>
        <Polygon>
          <tessellate>1</tessellate>
          <outerBoundaryIs>
            <LinearRing>
              <coordinates>-109.929240066667,27.395631089109,0 -109.929280733333,27.395631089109,0 -109.929280733333,27.395665742574,0 -109.929240066667,27.395665742574,0 -109.929240066667,27.395631089109,0 </coordinates>
            </LinearRing>
          </outerBoundaryIs>
        </Polygon>
      </Placemark>
      <Placemark>
        <name>8/9/BORDO/</name>
        <description>8/9/BORDO/</description>
        <styleUrl>#m_ylw-pushpin</styleUrl>
        <Polygon>
          <tessellate>1</tessellate>
          <outerBoundaryIs>
            <LinearRing>
              <coordinates>-109.929292933333,27.395631089109,0 -109.929333600000,27.395631089109,0 -109.929333600000,27.395665742574,0 -109.929292933333,27.395665742574,0 -109.929292933333,27.395631089109,0 </coordinates>
            </LinearRing>
          </outerBoundaryIs>
        </Polygon>
      </Placemark>
      <Placemark>
        <name>8/10/BORDO/</name>
        <description>8/10/BORDO/</description>
        <styleUrl>#m_ylw-pushpin</styleUrl>
        <Polygon>
          <tessellate>1</tessellate>
          <outerBoundaryIs>
            <LinearRing>
              <coordinates>-109.929345800000,27.395631089109,0 -109.929386466667,27.395631089109,0 -109.929386466667,27.395665742574,0 -109.929345800000,27.395665742574,0 -109.929345800000,27.395631089109,0 </coordinates>
            </LinearRing>
          </outerBoundaryIs>
        </Polygon>
      </Placemark>
      <Placemark>
        <name>8/11/BORDO/</name>
        <description>8/11/BORDO/</description>
        <styleUrl>#m_ylw-pushpin</styleUrl>
        <Polygon>
          <tessellate>1</tessellate>
          <outerBoundaryIs>
            <LinearRing>
              <coordinates>-109.929398666667,27.395631089109,0 -109.929439333333,27.395631089109,0 -109.929439333333,27.395665742574,0 -109.929398666667,27.395665742574,0 -109.929398666667,27.395631089109,0 </coordinates>
            </LinearRing>
          </outerBoundaryIs>
        </Polygon>
      </Placemark>
      <Placemark>
        <name>8/12/BORDO/</name>
        <description>8/12/BORDO/</description>
        <styleUrl>#m_ylw-pushpin</styleUrl>
        <Polygon>
          <tessellate>1</tessellate>
          <outerBoundaryIs>
            <LinearRing>
              <coordinates>-109.929451533333,27.395631089109,0 -109.929492200000,27.395631089109,0 -109.929492200000,27.395665742574,0 -109.929451533333,27.395665742574,0 -109.929451533333,27.395631089109,0 </coordinates>
            </LinearRing>
          </outerBoundaryIs>
        </Polygon>
      </Placemark>
      <Placemark>
        <name>9/1/AYLT/</name>
        <description>9/1/AYLT/</description>
        <styleUrl>#m_ylw-pushpin</styleUrl>
        <Polygon>
          <tessellate>1</tessellate>
          <outerBoundaryIs>
            <LinearRing>
              <coordinates>-109.928870000000,27.395672673267,0 -109.928910666667,27.395672673267,0 -109.928910666667,27.395707326733,0 -109.928870000000,27.395707326733,0 -109.928870000000,27.395672673267,0 </coordinates>
            </LinearRing>
          </outerBoundaryIs>
        </Polygon>
      </Placemark>
      <Placemark>
        <name>9/2/AYLT/</name>
        <description>9/2/AYLT/</description>
        <styleUrl>#m_ylw-pushpin</styleUrl>
        <Polygon>
          <tessellate>1</tessellate>
          <outerBoundaryIs>
            <LinearRing>
              <coordinates>-109.928922866667,27.395672673267,0 -109.928963533333,27.395672673267,0 -109.928963533333,27.395707326733,0 -109.928922866667,27.395707326733,0 -109.928922866667,27.395672673267,0 </coordinates>
            </LinearRing>
          </outerBoundaryIs>
        </Polygon>
      </Placemark>
      <Placemark>
        <name>9/3/AYLT/</name>
        <description>9/3/AYLT/</description>
        <styleUrl>#m_ylw-pushpin</styleUrl>
        <Polygon>
          <tessellate>1</tessellate>
          <outerBoundaryIs>
            <LinearRing>
              <coordinates>-109.928975733333,27.395672673267,0 -109.929016400000,27.395672673267,0 -109.929016400000,27.395707326733,0 -109.928975733333,27.395707326733,0 -109.928975733333,27.395672673267,0 </coordinates>
            </LinearRing>
          </outerBoundaryIs>
        </Polygon>
      </Placemark>
      <Placemark>
        <name>9/4/AYLT/</name>
        <description>9/4/AYLT/</description>
        <styleUrl>#m_ylw-pushpin</styleUrl>
        <Polygon>
          <tessellate>1</tessellate>
          <outerBoundaryIs>
            <LinearRing>
              <coordinates>-109.929028600000,27.395672673267,0 -109.929069266667,27.395672673267,0 -109.929069266667,27.395707326733,0 -109.929028600000,27.395707326733,0 -109.929028600000,27.395672673267,0 </coordinates>
            </LinearRing>
          </outerBoundaryIs>
        </Polygon>
      </Placemark>
      <Placemark>
        <name>9/5/AYLT/</name>
        <description>9/5/AYLT/</description>
        <styleUrl>#m_ylw-pushpin</styleUrl>
        <Polygon>
          <tessellate>1</tessellate>
          <outerBoundaryIs>
            <LinearRing>
              <coordinates>-109.929081466667,27.395672673267,0 -109.929122133333,27.395672673267,0 -109.929122133333,27.395707326733,0 -109.929081466667,27.395707326733,0 -109.929081466667,27.395672673267,0 </coordinates>
            </LinearRing>
          </outerBoundaryIs>
        </Polygon>
      </Placemark>
      <Placemark>
        <name>9/6/AYLT/</name>
        <description>9/6/AYLT/</description>
        <styleUrl>#m_ylw-pushpin</styleUrl>
        <Polygon>
          <tessellate>1</tessellate>
          <outerBoundaryIs>
            <LinearRing>
              <coordinates>-109.929134333333,27.395672673267,0 -109.929175000000,27.395672673267,0 -109.929175000000,27.395707326733,0 -109.929134333333,27.395707326733,0 -109.929134333333,27.395672673267,0 </coordinates>
            </LinearRing>
          </outerBoundaryIs>
        </Polygon>
      </Placemark>
      <Placemark>
        <name>9/7/AYLT/</name>
        <description>9/7/AYLT/</description>
        <styleUrl>#m_ylw-pushpin</styleUrl>
        <Polygon>
          <tessellate>1</tessellate>
          <outerBoundaryIs>
            <LinearRing>
              <coordinates>-109.929187200000,27.395672673267,0 -109.929227866667,27.395672673267,0 -109.929227866667,27.395707326733,0 -109.929187200000,27.395707326733,0 -109.929187200000,27.395672673267,0 </coordinates>
            </LinearRing>
          </outerBoundaryIs>
        </Polygon>
      </Placemark>
      <Placemark>
        <name>9/8/AYLT/</name>
        <description>9/8/AYLT/</description>
        <styleUrl>#m_ylw-pushpin</styleUrl>
        <Polygon>
          <tessellate>1</tessellate>
          <outerBoundaryIs>
            <LinearRing>
              <coordinates>-109.929240066667,27.395672673267,0 -109.929280733333,27.395672673267,0 -109.929280733333,27.395707326733,0 -109.929240066667,27.395707326733,0 -109.929240066667,27.395672673267,0 </coordinates>
            </LinearRing>
          </outerBoundaryIs>
        </Polygon>
      </Placemark>
      <Placemark>
        <name>9/9/AYLT/</name>
        <description>9/9/AYLT/</description>
        <styleUrl>#m_ylw-pushpin</styleUrl>
        <Polygon>
          <tessellate>1</tessellate>
          <outerBoundaryIs>
            <LinearRing>
              <coordinates>-109.929292933333,27.395672673267,0 -109.929333600000,27.395672673267,0 -109.929333600000,27.395707326733,0 -109.929292933333,27.395707326733,0 -109.929292933333,27.395672673267,0 </coordinates>
            </LinearRing>
          </outerBoundaryIs>
        </Polygon>
      </Placemark>
      <Placemark>
        <name>9/10/AYLT/</name>
        <description>9/10/AYLT/</description>
        <styleUrl>#m_ylw-pushpin</styleUrl>
        <Polygon>
          <tessellate>1</tessellate>
          <outerBoundaryIs>
            <LinearRing>
              <coordinates>-109.929345800000,27.395672673267,0 -109.929386466667,27.395672673267,0 -109.929386466667,27.395707326733,0 -109.929345800000,27.395707326733,0 -109.929345800000,27.395672673267,0 </coordinates>
            </LinearRing>
          </outerBoundaryIs>
        </Polygon>
      </Placemark>
      <Placemark>
        <name>9/11/AYLT/</name>
        <description>9/11/AYLT/</description>
        <styleUrl>#m_ylw-pushpin</styleUrl>
        <Polygon>
          <tessellate>1</tessellate>
          <outerBoundaryIs>
            <LinearRing>
              <coordinates>-109.929398666667,27.395672673267,0 -109.929439333333,27.395672673267,0 -109.929439333333,27.395707326733,0 -109.929398666667,27.395707326733,0 -109.929398666667,27.395672673267,0 </coordinates>
            </LinearRing>
          </outerBoundaryIs>
        </Polygon>
      </Placemark>
      <Placemark>
        <name>9/12/AYLT/</name>
        <description>9/12/AYLT/</description>
        <styleUrl>#m_ylw-pushpin</styleUrl>
        <Polygon>
          <tessellate>1</tessellate>
          <outerBoundaryIs>
            <LinearRing>
              <coordinates>-109.929451533333,27.395672673267,0 -109.929492200000,27.395672673267,0 -109.929492200000,27.395707326733,0 -109.929451533333,27.395707326733,0 -109.929451533333,27.395672673267,0 </coordinates>
            </LinearRing>
          </outerBoundaryIs>
        </Polygon>
      </Placemark>
      <Placemark>
        <name>10/1/BORDO/</name>
        <description>10/1/BORDO/</description>
        <styleUrl>#m_ylw-pushpin</styleUrl>
        <Polygon>
          <tessellate>1</tessellate>
          <outerBoundaryIs>
            <LinearRing>
              <coordinates>-109.928870000000,27.395714257426,0 -109.928910666667,27.395714257426,0 -109.928910666667,27.395748910891,0 -109.928870000000,27.395748910891,0 -109.928870000000,27.395714257426,0 </coordinates>
            </LinearRing>
          </outerBoundaryIs>
        </Polygon>
      </Placemark>
      <Placemark>
        <name>10/2/BORDO/</name>
        <description>10/2/BORDO/</description>
        <styleUrl>#m_ylw-pushpin</styleUrl>
        <Polygon>
          <tessellate>1</tessellate>
          <outerBoundaryIs>
            <LinearRing>
              <coordinates>-109.928922866667,27.395714257426,0 -109.928963533333,27.395714257426,0 -109.928963533333,27.395748910891,0 -109.928922866667,27.395748910891,0 -109.928922866667,27.395714257426,0 </coordinates>
            </LinearRing>
          </outerBoundaryIs>
        </Polygon>
      </Placemark>
      <Placemark>
        <name>10/3/BORDO/</name>
        <description>10/3/BORDO/</description>
        <styleUrl>#m_ylw-pushpin</styleUrl>
        <Polygon>
          <tessellate>1</tessellate>
          <outerBoundaryIs>
            <LinearRing>
              <coordinates>-109.928975733333,27.395714257426,0 -109.929016400000,27.395714257426,0 -109.929016400000,27.395748910891,0 -109.928975733333,27.395748910891,0 -109.928975733333,27.395714257426,0 </coordinates>
            </LinearRing>
          </outerBoundaryIs>
        </Polygon>
      </Placemark>
      <Placemark>
        <name>10/4/BORDO/</name>
        <description>10/4/BORDO/</description>
        <styleUrl>#m_ylw-pushpin</styleUrl>
        <Polygon>
          <tessellate>1</tessellate>
          <outerBoundaryIs>
            <LinearRing>
              <coordinates>-109.929028600000,27.395714257426,0 -109.929069266667,27.395714257426,0 -109.929069266667,27.395748910891,0 -109.929028600000,27.395748910891,0 -109.929028600000,27.395714257426,0 </coordinates>
            </LinearRing>
          </outerBoundaryIs>
        </Polygon>
      </Placemark>
      <Placemark>
        <name>10/5/BORDO/</name>
        <description>10/5/BORDO/</description>
        <styleUrl>#m_ylw-pushpin</styleUrl>
        <Polygon>
          <tessellate>1</tessellate>
          <outerBoundaryIs>
            <LinearRing>
              <coordinates>-109.929081466667,27.395714257426,0 -109.929122133333,27.395714257426,0 -109.929122133333,27.395748910891,0 -109.929081466667,27.395748910891,0 -109.929081466667,27.395714257426,0 </coordinates>
            </LinearRing>
          </outerBoundaryIs>
        </Polygon>
      </Placemark>
      <Placemark>
        <name>10/6/BORDO/</name>
        <description>10/6/BORDO/</description>
        <styleUrl>#m_ylw-pushpin</styleUrl>
        <Polygon>
          <tessellate>1</tessellate>
          <outerBoundaryIs>
            <LinearRing>
              <coordinates>-109.929134333333,27.395714257426,0 -109.929175000000,27.395714257426,0 -109.929175000000,27.395748910891,0 -109.929134333333,27.395748910891,0 -109.929134333333,27.395714257426,0 </coordinates>
            </LinearRing>
          </outerBoundaryIs>
        </Polygon>
      </Placemark>
      <Placemark>
        <name>10/7/BORDO/</name>
        <description>10/7/BORDO/</description>
        <styleUrl>#m_ylw-pushpin</styleUrl>
        <Polygon>
          <tessellate>1</tessellate>
          <outerBoundaryIs>
            <LinearRing>
              <coordinates>-109.929187200000,27.395714257426,0 -109.929227866667,27.395714257426,0 -109.929227866667,27.395748910891,0 -109.929187200000,27.395748910891,0 -109.929187200000,27.395714257426,0 </coordinates>
            </LinearRing>
          </outerBoundaryIs>
        </Polygon>
      </Placemark>
      <Placemark>
        <name>10/8/BORDO/</name>
        <description>10/8/BORDO/</description>
        <styleUrl>#m_ylw-pushpin</styleUrl>
        <Polygon>
          <tessellate>1</tessellate>
          <outerBoundaryIs>
            <LinearRing>
              <coordinates>-109.929240066667,27.395714257426,0 -109.929280733333,27.395714257426,0 -109.929280733333,27.395748910891,0 -109.929240066667,27.395748910891,0 -109.929240066667,27.395714257426,0 </coordinates>
            </LinearRing>
          </outerBoundaryIs>
        </Polygon>
      </Placemark>
      <Placemark>
        <name>10/9/BORDO/</name>
        <description>10/9/BORDO/</description>
        <styleUrl>#m_ylw-pushpin</styleUrl>
        <Polygon>
          <tessellate>1</tessellate>
          <outerBoundaryIs>
            <LinearRing>
              <coordinates>-109.929292933333,27.395714257426,0 -109.929333600000,27.395714257426,0 -109.929333600000,27.395748910891,0 -109.929292933333,27.395748910891,0 -109.929292933333,27.395714257426,0 </coordinates>
            </LinearRing>
          </outerBoundaryIs>
        </Polygon>
      </Placemark>
      <Placemark>
        <name>10/10/BORDO/</name>
        <description>10/10/BORDO/</description>
        <styleUrl>#m_ylw-pushpin</styleUrl>
        <Polygon>
          <tessellate>1</tessellate>
          <outerBoundaryIs>
            <LinearRing>
              <coordinates>-109.929345800000,27.395714257426,0 -109.929386466667,27.395714257426,0 -109.929386466667,27.395748910891,0 -109.929345800000,27.395748910891,0 -109.929345800000,27.395714257426,0 </coordinates>
            </LinearRing>
          </outerBoundaryIs>
        </Polygon>
      </Placemark>
      <Placemark>
        <name>10/11/BORDO/</name>
        <description>10/11/BORDO/</description>
        <styleUrl>#m_ylw-pushpin</styleUrl>
        <Polygon>
          <tessellate>1</tessellate>
          <outerBoundaryIs>
            <LinearRing>
              <coordinates>-109.929398666667,27.395714257426,0 -109.929439333333,27.395714257426,0 -109.929439333333,27.395748910891,0 -109.929398666667,27.395748910891,0 -109.929398666667,27.395714257426,0 </coordinates>
            </LinearRing>
          </outerBoundaryIs>
        </Polygon>
      </Placemark>
      <Placemark>
        <name>10/12/BORDO/</name>
        <description>10/12/BORDO/</description>
        <styleUrl>#m_ylw-pushpin</styleUrl>
        <Polygon>
          <tessellate>1</tessellate>
          <outerBoundaryIs>
            <LinearRing>
              <coordinates>-109.929451533333,27.395714257426,0 -109.929492200000,27.395714257426,0 -109.929492200000,27.395748910891,0 -109.929451533333,27.395748910891,0 -109.929451533333,27.395714257426,0 </coordinates>
            </LinearRing>
          </outerBoundaryIs>
        </Polygon>
      </Placemark>
      <Placemark>
        <name>11/1/BORDO/</name>
        <description>11/1/BORDO/</description>
        <styleUrl>#m_ylw-pushpin</styleUrl>
        <Polygon>
          <tessellate>1</tessellate>
          <outerBoundaryIs>
            <LinearRing>
              <coordinates>-109.928870000000,27.395755841584,0 -109.928910666667,27.395755841584,0 -109.928910666667,27.395790495050,0 -109.928870000000,27.395790495050,0 -109.928870000000,27.395755841584,0 </coordinates>
            </LinearRing>
          </outerBoundaryIs>
        </Polygon>
      </Placemark>
      <Placemark>
        <name>11/2/AYLT/210</name>
        <description>11/2/AYLT/210</description>
        <styleUrl>#m_ylw-pushpin</styleUrl>
        <Polygon>
          <tessellate>1</tessellate>
          <outerBoundaryIs>
            <LinearRing>
              <coordinates>-109.928922866667,27.395755841584,0 -109.928963533333,27.395755841584,0 -109.928963533333,27.395790495050,0 -109.928922866667,27.395790495050,0 -109.928922866667,27.395755841584,0 </coordinates>
            </LinearRing>
          </outerBoundaryIs>
        </Polygon>
      </Placemark>
      <Placemark>
        <name>11/3/AYLT/209</name>
        <description>11/3/AYLT/209</description>
        <styleUrl>#m_ylw-pushpin</styleUrl>
        <Polygon>
          <tessellate>1</tessellate>
          <outerBoundaryIs>
            <LinearRing>
              <coordinates>-109.928975733333,27.395755841584,0 -109.929016400000,27.395755841584,0 -109.929016400000,27.395790495050,0 -109.928975733333,27.395790495050,0 -109.928975733333,27.395755841584,0 </coordinates>
            </LinearRing>
          </outerBoundaryIs>
        </Polygon>
      </Placemark>
      <Placemark>
        <name>11/4/AYLT/208</name>
        <description>11/4/AYLT/208</description>
        <styleUrl>#m_ylw-pushpin</styleUrl>
        <Polygon>
          <tessellate>1</tessellate>
          <outerBoundaryIs>
            <LinearRing>
              <coordinates>-109.929028600000,27.395755841584,0 -109.929069266667,27.395755841584,0 -109.929069266667,27.395790495050,0 -109.929028600000,27.395790495050,0 -109.929028600000,27.395755841584,0 </coordinates>
            </LinearRing>
          </outerBoundaryIs>
        </Polygon>
      </Placemark>
      <Placemark>
        <name>11/5/AYLT/207</name>
        <description>11/5/AYLT/207</description>
        <styleUrl>#m_ylw-pushpin</styleUrl>
        <Polygon>
          <tessellate>1</tessellate>
          <outerBoundaryIs>
            <LinearRing>
              <coordinates>-109.929081466667,27.395755841584,0 -109.929122133333,27.395755841584,0 -109.929122133333,27.395790495050,0 -109.929081466667,27.395790495050,0 -109.929081466667,27.395755841584,0 </coordinates>
            </LinearRing>
          </outerBoundaryIs>
        </Polygon>
      </Placemark>
      <Placemark>
        <name>11/6/AYLT/206</name>
        <description>11/6/AYLT/206</description>
        <styleUrl>#m_ylw-pushpin</styleUrl>
        <Polygon>
          <tessellate>1</tessellate>
          <outerBoundaryIs>
            <LinearRing>
              <coordinates>-109.929134333333,27.395755841584,0 -109.929175000000,27.395755841584,0 -109.929175000000,27.395790495050,0 -109.929134333333,27.395790495050,0 -109.929134333333,27.395755841584,0 </coordinates>
            </LinearRing>
          </outerBoundaryIs>
        </Polygon>
      </Placemark>
      <Placemark>
        <name>11/7/AYLT/205</name>
        <description>11/7/AYLT/205</description>
        <styleUrl>#m_ylw-pushpin</styleUrl>
        <Polygon>
          <tessellate>1</tessellate>
          <outerBoundaryIs>
            <LinearRing>
              <coordinates>-109.929187200000,27.395755841584,0 -109.929227866667,27.395755841584,0 -109.929227866667,27.395790495050,0 -109.929187200000,27.395790495050,0 -109.929187200000,27.395755841584,0 </coordinates>
            </LinearRing>
          </outerBoundaryIs>
        </Polygon>
      </Placemark>
      <Placemark>
        <name>11/8/AYLT/204</name>
        <description>11/8/AYLT/204</description>
        <styleUrl>#m_ylw-pushpin</styleUrl>
        <Polygon>
          <tessellate>1</tessellate>
          <outerBoundaryIs>
            <LinearRing>
              <coordinates>-109.929240066667,27.395755841584,0 -109.929280733333,27.395755841584,0 -109.929280733333,27.395790495050,0 -109.929240066667,27.395790495050,0 -109.929240066667,27.395755841584,0 </coordinates>
            </LinearRing>
          </outerBoundaryIs>
        </Polygon>
      </Placemark>
      <Placemark>
        <name>11/9/AYLT/203</name>
        <description>11/9/AYLT/203</description>
        <styleUrl>#m_ylw-pushpin</styleUrl>
        <Polygon>
          <tessellate>1</tessellate>
          <outerBoundaryIs>
            <LinearRing>
              <coordinates>-109.929292933333,27.395755841584,0 -109.929333600000,27.395755841584,0 -109.929333600000,27.395790495050,0 -109.929292933333,27.395790495050,0 -109.929292933333,27.395755841584,0 </coordinates>
            </LinearRing>
          </outerBoundaryIs>
        </Polygon>
      </Placemark>
      <Placemark>
        <name>11/10/AYLT/202</name>
        <description>11/10/AYLT/202</description>
        <styleUrl>#m_ylw-pushpin</styleUrl>
        <Polygon>
          <tessellate>1</tessellate>
          <outerBoundaryIs>
            <LinearRing>
              <coordinates>-109.929345800000,27.395755841584,0 -109.929386466667,27.395755841584,0 -109.929386466667,27.395790495050,0 -109.929345800000,27.395790495050,0 -109.929345800000,27.395755841584,0 </coordinates>
            </LinearRing>
          </outerBoundaryIs>
        </Polygon>
      </Placemark>
      <Placemark>
        <name>11/11/AYLT/201</name>
        <description>11/11/AYLT/201</description>
        <styleUrl>#m_ylw-pushpin</styleUrl>
        <Polygon>
          <tessellate>1</tessellate>
          <outerBoundaryIs>
            <LinearRing>
              <coordinates>-109.929398666667,27.395755841584,0 -109.929439333333,27.395755841584,0 -109.929439333333,27.395790495050,0 -109.929398666667,27.395790495050,0 -109.929398666667,27.395755841584,0 </coordinates>
            </LinearRing>
          </outerBoundaryIs>
        </Polygon>
      </Placemark>
      <Placemark>
        <name>11/12/BORDO/</name>
        <description>11/12/BORDO/</description>
        <styleUrl>#m_ylw-pushpin</styleUrl>
        <Polygon>
          <tessellate>1</tessellate>
          <outerBoundaryIs>
            <LinearRing>
              <coordinates>-109.929451533333,27.395755841584,0 -109.929492200000,27.395755841584,0 -109.929492200000,27.395790495050,0 -109.929451533333,27.395790495050,0 -109.929451533333,27.395755841584,0 </coordinates>
            </LinearRing>
          </outerBoundaryIs>
        </Polygon>
      </Placemark>
      <Placemark>
        <name>12/1/BORDO/</name>
        <description>12/1/BORDO/</description>
        <styleUrl>#m_ylw-pushpin</styleUrl>
        <Polygon>
          <tessellate>1</tessellate>
          <outerBoundaryIs>
            <LinearRing>
              <coordinates>-109.928870000000,27.395797425743,0 -109.928910666667,27.395797425743,0 -109.928910666667,27.395832079208,0 -109.928870000000,27.395832079208,0 -109.928870000000,27.395797425743,0 </coordinates>
            </LinearRing>
          </outerBoundaryIs>
        </Polygon>
      </Placemark>
      <Placemark>
        <name>12/2/AYLT/211</name>
        <description>12/2/AYLT/211</description>
        <styleUrl>#m_ylw-pushpin</styleUrl>
        <Polygon>
          <tessellate>1</tessellate>
          <outerBoundaryIs>
            <LinearRing>
              <coordinates>-109.928922866667,27.395797425743,0 -109.928963533333,27.395797425743,0 -109.928963533333,27.395832079208,0 -109.928922866667,27.395832079208,0 -109.928922866667,27.395797425743,0 </coordinates>
            </LinearRing>
          </outerBoundaryIs>
        </Polygon>
      </Placemark>
      <Placemark>
        <name>12/3/AYLT/212</name>
        <description>12/3/AYLT/212</description>
        <styleUrl>#m_ylw-pushpin</styleUrl>
        <Polygon>
          <tessellate>1</tessellate>
          <outerBoundaryIs>
            <LinearRing>
              <coordinates>-109.928975733333,27.395797425743,0 -109.929016400000,27.395797425743,0 -109.929016400000,27.395832079208,0 -109.928975733333,27.395832079208,0 -109.928975733333,27.395797425743,0 </coordinates>
            </LinearRing>
          </outerBoundaryIs>
        </Polygon>
      </Placemark>
      <Placemark>
        <name>12/4/AYLT/213</name>
        <description>12/4/AYLT/213</description>
        <styleUrl>#m_ylw-pushpin</styleUrl>
        <Polygon>
          <tessellate>1</tessellate>
          <outerBoundaryIs>
            <LinearRing>
              <coordinates>-109.929028600000,27.395797425743,0 -109.929069266667,27.395797425743,0 -109.929069266667,27.395832079208,0 -109.929028600000,27.395832079208,0 -109.929028600000,27.395797425743,0 </coordinates>
            </LinearRing>
          </outerBoundaryIs>
        </Polygon>
      </Placemark>
      <Placemark>
        <name>12/5/AYLT/214</name>
        <description>12/5/AYLT/214</description>
        <styleUrl>#m_ylw-pushpin</styleUrl>
        <Polygon>
          <tessellate>1</tessellate>
          <outerBoundaryIs>
            <LinearRing>
              <coordinates>-109.929081466667,27.395797425743,0 -109.929122133333,27.395797425743,0 -109.929122133333,27.395832079208,0 -109.929081466667,27.395832079208,0 -109.929081466667,27.395797425743,0 </coordinates>
            </LinearRing>
          </outerBoundaryIs>
        </Polygon>
      </Placemark>
      <Placemark>
        <name>12/6/AYLT/215</name>
        <description>12/6/AYLT/215</description>
        <styleUrl>#m_ylw-pushpin</styleUrl>
        <Polygon>
          <tessellate>1</tessellate>
          <outerBoundaryIs>
            <LinearRing>
              <coordinates>-109.929134333333,27.395797425743,0 -109.929175000000,27.395797425743,0 -109.929175000000,27.395832079208,0 -109.929134333333,27.395832079208,0 -109.929134333333,27.395797425743,0 </coordinates>
            </LinearRing>
          </outerBoundaryIs>
        </Polygon>
      </Placemark>
      <Placemark>
        <name>12/7/AYLT/216</name>
        <description>12/7/AYLT/216</description>
        <styleUrl>#m_ylw-pushpin</styleUrl>
        <Polygon>
          <tessellate>1</tessellate>
          <outerBoundaryIs>
            <LinearRing>
              <coordinates>-109.929187200000,27.395797425743,0 -109.929227866667,27.395797425743,0 -109.929227866667,27.395832079208,0 -109.929187200000,27.395832079208,0 -109.929187200000,27.395797425743,0 </coordinates>
            </LinearRing>
          </outerBoundaryIs>
        </Polygon>
      </Placemark>
      <Placemark>
        <name>12/8/AYLT/217</name>
        <description>12/8/AYLT/217</description>
        <styleUrl>#m_ylw-pushpin</styleUrl>
        <Polygon>
          <tessellate>1</tessellate>
          <outerBoundaryIs>
            <LinearRing>
              <coordinates>-109.929240066667,27.395797425743,0 -109.929280733333,27.395797425743,0 -109.929280733333,27.395832079208,0 -109.929240066667,27.395832079208,0 -109.929240066667,27.395797425743,0 </coordinates>
            </LinearRing>
          </outerBoundaryIs>
        </Polygon>
      </Placemark>
      <Placemark>
        <name>12/9/AYLT/218</name>
        <description>12/9/AYLT/218</description>
        <styleUrl>#m_ylw-pushpin</styleUrl>
        <Polygon>
          <tessellate>1</tessellate>
          <outerBoundaryIs>
            <LinearRing>
              <coordinates>-109.929292933333,27.395797425743,0 -109.929333600000,27.395797425743,0 -109.929333600000,27.395832079208,0 -109.929292933333,27.395832079208,0 -109.929292933333,27.395797425743,0 </coordinates>
            </LinearRing>
          </outerBoundaryIs>
        </Polygon>
      </Placemark>
      <Placemark>
        <name>12/10/AYLT/219</name>
        <description>12/10/AYLT/219</description>
        <styleUrl>#m_ylw-pushpin</styleUrl>
        <Polygon>
          <tessellate>1</tessellate>
          <outerBoundaryIs>
            <LinearRing>
              <coordinates>-109.929345800000,27.395797425743,0 -109.929386466667,27.395797425743,0 -109.929386466667,27.395832079208,0 -109.929345800000,27.395832079208,0 -109.929345800000,27.395797425743,0 </coordinates>
            </LinearRing>
          </outerBoundaryIs>
        </Polygon>
      </Placemark>
      <Placemark>
        <name>12/11/AYLT/220</name>
        <description>12/11/AYLT/220</description>
        <styleUrl>#m_ylw-pushpin</styleUrl>
        <Polygon>
          <tessellate>1</tessellate>
          <outerBoundaryIs>
            <LinearRing>
              <coordinates>-109.929398666667,27.395797425743,0 -109.929439333333,27.395797425743,0 -109.929439333333,27.395832079208,0 -109.929398666667,27.395832079208,0 -109.929398666667,27.395797425743,0 </coordinates>
            </LinearRing>
          </outerBoundaryIs>
        </Polygon>
      </Placemark>
      <Placemark>
        <name>12/12/BORDO/</name>
        <description>12/12/BORDO/</description>
        <styleUrl>#m_ylw-pushpin</styleUrl>
        <Polygon>
          <tessellate>1</tessellate>
          <outerBoundaryIs>
            <LinearRing>
              <coordinates>-109.929451533333,27.395797425743,0 -109.929492200000,27.395797425743,0 -109.929492200000,27.395832079208,0 -109.929451533333,27.395832079208,0 -109.929451533333,27.395797425743,0 </coordinates>
            </LinearRing>
          </outerBoundaryIs>
        </Polygon>
      </Placemark>
      <Placemark>
        <name>13/1/BORDO/</name>
        <description>13/1/BORDO/</description>
        <styleUrl>#m_ylw-pushpin</styleUrl>
        <Polygon>
          <tessellate>1</tessellate>
          <outerBoundaryIs>
            <LinearRing>
              <coordinates>-109.928870000000,27.395839009901,0 -109.928910666667,27.395839009901,0 -109.928910666667,27.395873663366,0 -109.928870000000,27.395873663366,0 -109.928870000000,27.395839009901,0 </coordinates>
            </LinearRing>
          </outerBoundaryIs>
        </Polygon>
      </Placemark>
      <Placemark>
        <name>13/2/AYLT/230</name>
        <description>13/2/AYLT/230</description>
        <styleUrl>#m_ylw-pushpin</styleUrl>
        <Polygon>
          <tessellate>1</tessellate>
          <outerBoundaryIs>
            <LinearRing>
              <coordinates>-109.928922866667,27.395839009901,0 -109.928963533333,27.395839009901,0 -109.928963533333,27.395873663366,0 -109.928922866667,27.395873663366,0 -109.928922866667,27.395839009901,0 </coordinates>
            </LinearRing>
          </outerBoundaryIs>
        </Polygon>
      </Placemark>
      <Placemark>
        <name>13/3/AYLT/229</name>
        <description>13/3/AYLT/229</description>
        <styleUrl>#m_ylw-pushpin</styleUrl>
        <Polygon>
          <tessellate>1</tessellate>
          <outerBoundaryIs>
            <LinearRing>
              <coordinates>-109.928975733333,27.395839009901,0 -109.929016400000,27.395839009901,0 -109.929016400000,27.395873663366,0 -109.928975733333,27.395873663366,0 -109.928975733333,27.395839009901,0 </coordinates>
            </LinearRing>
          </outerBoundaryIs>
        </Polygon>
      </Placemark>
      <Placemark>
        <name>13/4/AYLT/228</name>
        <description>13/4/AYLT/228</description>
        <styleUrl>#m_ylw-pushpin</styleUrl>
        <Polygon>
          <tessellate>1</tessellate>
          <outerBoundaryIs>
            <LinearRing>
              <coordinates>-109.929028600000,27.395839009901,0 -109.929069266667,27.395839009901,0 -109.929069266667,27.395873663366,0 -109.929028600000,27.395873663366,0 -109.929028600000,27.395839009901,0 </coordinates>
            </LinearRing>
          </outerBoundaryIs>
        </Polygon>
      </Placemark>
      <Placemark>
        <name>13/5/AYLT/227</name>
        <description>13/5/AYLT/227</description>
        <styleUrl>#m_ylw-pushpin</styleUrl>
        <Polygon>
          <tessellate>1</tessellate>
          <outerBoundaryIs>
            <LinearRing>
              <coordinates>-109.929081466667,27.395839009901,0 -109.929122133333,27.395839009901,0 -109.929122133333,27.395873663366,0 -109.929081466667,27.395873663366,0 -109.929081466667,27.395839009901,0 </coordinates>
            </LinearRing>
          </outerBoundaryIs>
        </Polygon>
      </Placemark>
      <Placemark>
        <name>13/6/AYLT/226</name>
        <description>13/6/AYLT/226</description>
        <styleUrl>#m_ylw-pushpin</styleUrl>
        <Polygon>
          <tessellate>1</tessellate>
          <outerBoundaryIs>
            <LinearRing>
              <coordinates>-109.929134333333,27.395839009901,0 -109.929175000000,27.395839009901,0 -109.929175000000,27.395873663366,0 -109.929134333333,27.395873663366,0 -109.929134333333,27.395839009901,0 </coordinates>
            </LinearRing>
          </outerBoundaryIs>
        </Polygon>
      </Placemark>
      <Placemark>
        <name>13/7/AYLT/225</name>
        <description>13/7/AYLT/225</description>
        <styleUrl>#m_ylw-pushpin</styleUrl>
        <Polygon>
          <tessellate>1</tessellate>
          <outerBoundaryIs>
            <LinearRing>
              <coordinates>-109.929187200000,27.395839009901,0 -109.929227866667,27.395839009901,0 -109.929227866667,27.395873663366,0 -109.929187200000,27.395873663366,0 -109.929187200000,27.395839009901,0 </coordinates>
            </LinearRing>
          </outerBoundaryIs>
        </Polygon>
      </Placemark>
      <Placemark>
        <name>13/8/AYLT/224</name>
        <description>13/8/AYLT/224</description>
        <styleUrl>#m_ylw-pushpin</styleUrl>
        <Polygon>
          <tessellate>1</tessellate>
          <outerBoundaryIs>
            <LinearRing>
              <coordinates>-109.929240066667,27.395839009901,0 -109.929280733333,27.395839009901,0 -109.929280733333,27.395873663366,0 -109.929240066667,27.395873663366,0 -109.929240066667,27.395839009901,0 </coordinates>
            </LinearRing>
          </outerBoundaryIs>
        </Polygon>
      </Placemark>
      <Placemark>
        <name>13/9/AYLT/223</name>
        <description>13/9/AYLT/223</description>
        <styleUrl>#m_ylw-pushpin</styleUrl>
        <Polygon>
          <tessellate>1</tessellate>
          <outerBoundaryIs>
            <LinearRing>
              <coordinates>-109.929292933333,27.395839009901,0 -109.929333600000,27.395839009901,0 -109.929333600000,27.395873663366,0 -109.929292933333,27.395873663366,0 -109.929292933333,27.395839009901,0 </coordinates>
            </LinearRing>
          </outerBoundaryIs>
        </Polygon>
      </Placemark>
      <Placemark>
        <name>13/10/AYLT/222</name>
        <description>13/10/AYLT/222</description>
        <styleUrl>#m_ylw-pushpin</styleUrl>
        <Polygon>
          <tessellate>1</tessellate>
          <outerBoundaryIs>
            <LinearRing>
              <coordinates>-109.929345800000,27.395839009901,0 -109.929386466667,27.395839009901,0 -109.929386466667,27.395873663366,0 -109.929345800000,27.395873663366,0 -109.929345800000,27.395839009901,0 </coordinates>
            </LinearRing>
          </outerBoundaryIs>
        </Polygon>
      </Placemark>
      <Placemark>
        <name>13/11/AYLT/221</name>
        <description>13/11/AYLT/221</description>
        <styleUrl>#m_ylw-pushpin</styleUrl>
        <Polygon>
          <tessellate>1</tessellate>
          <outerBoundaryIs>
            <LinearRing>
              <coordinates>-109.929398666667,27.395839009901,0 -109.929439333333,27.395839009901,0 -109.929439333333,27.395873663366,0 -109.929398666667,27.395873663366,0 -109.929398666667,27.395839009901,0 </coordinates>
            </LinearRing>
          </outerBoundaryIs>
        </Polygon>
      </Placemark>
      <Placemark>
        <name>13/12/BORDO/</name>
        <description>13/12/BORDO/</description>
        <styleUrl>#m_ylw-pushpin</styleUrl>
        <Polygon>
          <tessellate>1</tessellate>
          <outerBoundaryIs>
            <LinearRing>
              <coordinates>-109.929451533333,27.395839009901,0 -109.929492200000,27.395839009901,0 -109.929492200000,27.395873663366,0 -109.929451533333,27.395873663366,0 -109.929451533333,27.395839009901,0 </coordinates>
            </LinearRing>
          </outerBoundaryIs>
        </Polygon>
      </Placemark>
      <Placemark>
        <name>14/1/BORDO/</name>
        <description>14/1/BORDO/</description>
        <styleUrl>#m_ylw-pushpin</styleUrl>
        <Polygon>
          <tessellate>1</tessellate>
          <outerBoundaryIs>
            <LinearRing>
              <coordinates>-109.928870000000,27.395880594059,0 -109.928910666667,27.395880594059,0 -109.928910666667,27.395915247525,0 -109.928870000000,27.395915247525,0 -109.928870000000,27.395880594059,0 </coordinates>
            </LinearRing>
          </outerBoundaryIs>
        </Polygon>
      </Placemark>
      <Placemark>
        <name>14/2/AYLT/231</name>
        <description>14/2/AYLT/231</description>
        <styleUrl>#m_ylw-pushpin</styleUrl>
        <Polygon>
          <tessellate>1</tessellate>
          <outerBoundaryIs>
            <LinearRing>
              <coordinates>-109.928922866667,27.395880594059,0 -109.928963533333,27.395880594059,0 -109.928963533333,27.395915247525,0 -109.928922866667,27.395915247525,0 -109.928922866667,27.395880594059,0 </coordinates>
            </LinearRing>
          </outerBoundaryIs>
        </Polygon>
      </Placemark>
      <Placemark>
        <name>14/3/AYLT/232</name>
        <description>14/3/AYLT/232</description>
        <styleUrl>#m_ylw-pushpin</styleUrl>
        <Polygon>
          <tessellate>1</tessellate>
          <outerBoundaryIs>
            <LinearRing>
              <coordinates>-109.928975733333,27.395880594059,0 -109.929016400000,27.395880594059,0 -109.929016400000,27.395915247525,0 -109.928975733333,27.395915247525,0 -109.928975733333,27.395880594059,0 </coordinates>
            </LinearRing>
          </outerBoundaryIs>
        </Polygon>
      </Placemark>
      <Placemark>
        <name>14/4/AYLT/233</name>
        <description>14/4/AYLT/233</description>
        <styleUrl>#m_ylw-pushpin</styleUrl>
        <Polygon>
          <tessellate>1</tessellate>
          <outerBoundaryIs>
            <LinearRing>
              <coordinates>-109.929028600000,27.395880594059,0 -109.929069266667,27.395880594059,0 -109.929069266667,27.395915247525,0 -109.929028600000,27.395915247525,0 -109.929028600000,27.395880594059,0 </coordinates>
            </LinearRing>
          </outerBoundaryIs>
        </Polygon>
      </Placemark>
      <Placemark>
        <name>14/5/AYLT/234</name>
        <description>14/5/AYLT/234</description>
        <styleUrl>#m_ylw-pushpin</styleUrl>
        <Polygon>
          <tessellate>1</tessellate>
          <outerBoundaryIs>
            <LinearRing>
              <coordinates>-109.929081466667,27.395880594059,0 -109.929122133333,27.395880594059,0 -109.929122133333,27.395915247525,0 -109.929081466667,27.395915247525,0 -109.929081466667,27.395880594059,0 </coordinates>
            </LinearRing>
          </outerBoundaryIs>
        </Polygon>
      </Placemark>
      <Placemark>
        <name>14/6/AYLT/235</name>
        <description>14/6/AYLT/235</description>
        <styleUrl>#m_ylw-pushpin</styleUrl>
        <Polygon>
          <tessellate>1</tessellate>
          <outerBoundaryIs>
            <LinearRing>
              <coordinates>-109.929134333333,27.395880594059,0 -109.929175000000,27.395880594059,0 -109.929175000000,27.395915247525,0 -109.929134333333,27.395915247525,0 -109.929134333333,27.395880594059,0 </coordinates>
            </LinearRing>
          </outerBoundaryIs>
        </Polygon>
      </Placemark>
      <Placemark>
        <name>14/7/AYLT/236</name>
        <description>14/7/AYLT/236</description>
        <styleUrl>#m_ylw-pushpin</styleUrl>
        <Polygon>
          <tessellate>1</tessellate>
          <outerBoundaryIs>
            <LinearRing>
              <coordinates>-109.929187200000,27.395880594059,0 -109.929227866667,27.395880594059,0 -109.929227866667,27.395915247525,0 -109.929187200000,27.395915247525,0 -109.929187200000,27.395880594059,0 </coordinates>
            </LinearRing>
          </outerBoundaryIs>
        </Polygon>
      </Placemark>
      <Placemark>
        <name>14/8/AYLT/237</name>
        <description>14/8/AYLT/237</description>
        <styleUrl>#m_ylw-pushpin</styleUrl>
        <Polygon>
          <tessellate>1</tessellate>
          <outerBoundaryIs>
            <LinearRing>
              <coordinates>-109.929240066667,27.395880594059,0 -109.929280733333,27.395880594059,0 -109.929280733333,27.395915247525,0 -109.929240066667,27.395915247525,0 -109.929240066667,27.395880594059,0 </coordinates>
            </LinearRing>
          </outerBoundaryIs>
        </Polygon>
      </Placemark>
      <Placemark>
        <name>14/9/AYLT/238</name>
        <description>14/9/AYLT/238</description>
        <styleUrl>#m_ylw-pushpin</styleUrl>
        <Polygon>
          <tessellate>1</tessellate>
          <outerBoundaryIs>
            <LinearRing>
              <coordinates>-109.929292933333,27.395880594059,0 -109.929333600000,27.395880594059,0 -109.929333600000,27.395915247525,0 -109.929292933333,27.395915247525,0 -109.929292933333,27.395880594059,0 </coordinates>
            </LinearRing>
          </outerBoundaryIs>
        </Polygon>
      </Placemark>
      <Placemark>
        <name>14/10/AYLT/239</name>
        <description>14/10/AYLT/239</description>
        <styleUrl>#m_ylw-pushpin</styleUrl>
        <Polygon>
          <tessellate>1</tessellate>
          <outerBoundaryIs>
            <LinearRing>
              <coordinates>-109.929345800000,27.395880594059,0 -109.929386466667,27.395880594059,0 -109.929386466667,27.395915247525,0 -109.929345800000,27.395915247525,0 -109.929345800000,27.395880594059,0 </coordinates>
            </LinearRing>
          </outerBoundaryIs>
        </Polygon>
      </Placemark>
      <Placemark>
        <name>14/11/AYLT/240</name>
        <description>14/11/AYLT/240</description>
        <styleUrl>#m_ylw-pushpin</styleUrl>
        <Polygon>
          <tessellate>1</tessellate>
          <outerBoundaryIs>
            <LinearRing>
              <coordinates>-109.929398666667,27.395880594059,0 -109.929439333333,27.395880594059,0 -109.929439333333,27.395915247525,0 -109.929398666667,27.395915247525,0 -109.929398666667,27.395880594059,0 </coordinates>
            </LinearRing>
          </outerBoundaryIs>
        </Polygon>
      </Placemark>
      <Placemark>
        <name>14/12/BORDO/</name>
        <description>14/12/BORDO/</description>
        <styleUrl>#m_ylw-pushpin</styleUrl>
        <Polygon>
          <tessellate>1</tessellate>
          <outerBoundaryIs>
            <LinearRing>
              <coordinates>-109.929451533333,27.395880594059,0 -109.929492200000,27.395880594059,0 -109.929492200000,27.395915247525,0 -109.929451533333,27.395915247525,0 -109.929451533333,27.395880594059,0 </coordinates>
            </LinearRing>
          </outerBoundaryIs>
        </Polygon>
      </Placemark>
      <Placemark>
        <name>15/1/BORDO/</name>
        <description>15/1/BORDO/</description>
        <styleUrl>#m_ylw-pushpin</styleUrl>
        <Polygon>
          <tessellate>1</tessellate>
          <outerBoundaryIs>
            <LinearRing>
              <coordinates>-109.928870000000,27.395922178218,0 -109.928910666667,27.395922178218,0 -109.928910666667,27.395956831683,0 -109.928870000000,27.395956831683,0 -109.928870000000,27.395922178218,0 </coordinates>
            </LinearRing>
          </outerBoundaryIs>
        </Polygon>
      </Placemark>
      <Placemark>
        <name>15/2/AYLT/250</name>
        <description>15/2/AYLT/250</description>
        <styleUrl>#m_ylw-pushpin</styleUrl>
        <Polygon>
          <tessellate>1</tessellate>
          <outerBoundaryIs>
            <LinearRing>
              <coordinates>-109.928922866667,27.395922178218,0 -109.928963533333,27.395922178218,0 -109.928963533333,27.395956831683,0 -109.928922866667,27.395956831683,0 -109.928922866667,27.395922178218,0 </coordinates>
            </LinearRing>
          </outerBoundaryIs>
        </Polygon>
      </Placemark>
      <Placemark>
        <name>15/3/AYLT/249</name>
        <description>15/3/AYLT/249</description>
        <styleUrl>#m_ylw-pushpin</styleUrl>
        <Polygon>
          <tessellate>1</tessellate>
          <outerBoundaryIs>
            <LinearRing>
              <coordinates>-109.928975733333,27.395922178218,0 -109.929016400000,27.395922178218,0 -109.929016400000,27.395956831683,0 -109.928975733333,27.395956831683,0 -109.928975733333,27.395922178218,0 </coordinates>
            </LinearRing>
          </outerBoundaryIs>
        </Polygon>
      </Placemark>
      <Placemark>
        <name>15/4/AYLT/248</name>
        <description>15/4/AYLT/248</description>
        <styleUrl>#m_ylw-pushpin</styleUrl>
        <Polygon>
          <tessellate>1</tessellate>
          <outerBoundaryIs>
            <LinearRing>
              <coordinates>-109.929028600000,27.395922178218,0 -109.929069266667,27.395922178218,0 -109.929069266667,27.395956831683,0 -109.929028600000,27.395956831683,0 -109.929028600000,27.395922178218,0 </coordinates>
            </LinearRing>
          </outerBoundaryIs>
        </Polygon>
      </Placemark>
      <Placemark>
        <name>15/5/AYLT/247</name>
        <description>15/5/AYLT/247</description>
        <styleUrl>#m_ylw-pushpin</styleUrl>
        <Polygon>
          <tessellate>1</tessellate>
          <outerBoundaryIs>
            <LinearRing>
              <coordinates>-109.929081466667,27.395922178218,0 -109.929122133333,27.395922178218,0 -109.929122133333,27.395956831683,0 -109.929081466667,27.395956831683,0 -109.929081466667,27.395922178218,0 </coordinates>
            </LinearRing>
          </outerBoundaryIs>
        </Polygon>
      </Placemark>
      <Placemark>
        <name>15/6/AYLT/246</name>
        <description>15/6/AYLT/246</description>
        <styleUrl>#m_ylw-pushpin</styleUrl>
        <Polygon>
          <tessellate>1</tessellate>
          <outerBoundaryIs>
            <LinearRing>
              <coordinates>-109.929134333333,27.395922178218,0 -109.929175000000,27.395922178218,0 -109.929175000000,27.395956831683,0 -109.929134333333,27.395956831683,0 -109.929134333333,27.395922178218,0 </coordinates>
            </LinearRing>
          </outerBoundaryIs>
        </Polygon>
      </Placemark>
      <Placemark>
        <name>15/7/AYLT/245</name>
        <description>15/7/AYLT/245</description>
        <styleUrl>#m_ylw-pushpin</styleUrl>
        <Polygon>
          <tessellate>1</tessellate>
          <outerBoundaryIs>
            <LinearRing>
              <coordinates>-109.929187200000,27.395922178218,0 -109.929227866667,27.395922178218,0 -109.929227866667,27.395956831683,0 -109.929187200000,27.395956831683,0 -109.929187200000,27.395922178218,0 </coordinates>
            </LinearRing>
          </outerBoundaryIs>
        </Polygon>
      </Placemark>
      <Placemark>
        <name>15/8/AYLT/244</name>
        <description>15/8/AYLT/244</description>
        <styleUrl>#m_ylw-pushpin</styleUrl>
        <Polygon>
          <tessellate>1</tessellate>
          <outerBoundaryIs>
            <LinearRing>
              <coordinates>-109.929240066667,27.395922178218,0 -109.929280733333,27.395922178218,0 -109.929280733333,27.395956831683,0 -109.929240066667,27.395956831683,0 -109.929240066667,27.395922178218,0 </coordinates>
            </LinearRing>
          </outerBoundaryIs>
        </Polygon>
      </Placemark>
      <Placemark>
        <name>15/9/AYLT/243</name>
        <description>15/9/AYLT/243</description>
        <styleUrl>#m_ylw-pushpin</styleUrl>
        <Polygon>
          <tessellate>1</tessellate>
          <outerBoundaryIs>
            <LinearRing>
              <coordinates>-109.929292933333,27.395922178218,0 -109.929333600000,27.395922178218,0 -109.929333600000,27.395956831683,0 -109.929292933333,27.395956831683,0 -109.929292933333,27.395922178218,0 </coordinates>
            </LinearRing>
          </outerBoundaryIs>
        </Polygon>
      </Placemark>
      <Placemark>
        <name>15/10/AYLT/242</name>
        <description>15/10/AYLT/242</description>
        <styleUrl>#m_ylw-pushpin</styleUrl>
        <Polygon>
          <tessellate>1</tessellate>
          <outerBoundaryIs>
            <LinearRing>
              <coordinates>-109.929345800000,27.395922178218,0 -109.929386466667,27.395922178218,0 -109.929386466667,27.395956831683,0 -109.929345800000,27.395956831683,0 -109.929345800000,27.395922178218,0 </coordinates>
            </LinearRing>
          </outerBoundaryIs>
        </Polygon>
      </Placemark>
      <Placemark>
        <name>15/11/AYLT/241</name>
        <description>15/11/AYLT/241</description>
        <styleUrl>#m_ylw-pushpin</styleUrl>
        <Polygon>
          <tessellate>1</tessellate>
          <outerBoundaryIs>
            <LinearRing>
              <coordinates>-109.929398666667,27.395922178218,0 -109.929439333333,27.395922178218,0 -109.929439333333,27.395956831683,0 -109.929398666667,27.395956831683,0 -109.929398666667,27.395922178218,0 </coordinates>
            </LinearRing>
          </outerBoundaryIs>
        </Polygon>
      </Placemark>
      <Placemark>
        <name>15/12/BORDO/</name>
        <description>15/12/BORDO/</description>
        <styleUrl>#m_ylw-pushpin</styleUrl>
        <Polygon>
          <tessellate>1</tessellate>
          <outerBoundaryIs>
            <LinearRing>
              <coordinates>-109.929451533333,27.395922178218,0 -109.929492200000,27.395922178218,0 -109.929492200000,27.395956831683,0 -109.929451533333,27.395956831683,0 -109.929451533333,27.395922178218,0 </coordinates>
            </LinearRing>
          </outerBoundaryIs>
        </Polygon>
      </Placemark>
      <Placemark>
        <name>16/1/BORDO/</name>
        <description>16/1/BORDO/</description>
        <styleUrl>#m_ylw-pushpin</styleUrl>
        <Polygon>
          <tessellate>1</tessellate>
          <outerBoundaryIs>
            <LinearRing>
              <coordinates>-109.928870000000,27.395963762376,0 -109.928910666667,27.395963762376,0 -109.928910666667,27.395998415842,0 -109.928870000000,27.395998415842,0 -109.928870000000,27.395963762376,0 </coordinates>
            </LinearRing>
          </outerBoundaryIs>
        </Polygon>
      </Placemark>
      <Placemark>
        <name>16/2/AYLT/251</name>
        <description>16/2/AYLT/251</description>
        <styleUrl>#m_ylw-pushpin</styleUrl>
        <Polygon>
          <tessellate>1</tessellate>
          <outerBoundaryIs>
            <LinearRing>
              <coordinates>-109.928922866667,27.395963762376,0 -109.928963533333,27.395963762376,0 -109.928963533333,27.395998415842,0 -109.928922866667,27.395998415842,0 -109.928922866667,27.395963762376,0 </coordinates>
            </LinearRing>
          </outerBoundaryIs>
        </Polygon>
      </Placemark>
      <Placemark>
        <name>16/3/AYLT/252</name>
        <description>16/3/AYLT/252</description>
        <styleUrl>#m_ylw-pushpin</styleUrl>
        <Polygon>
          <tessellate>1</tessellate>
          <outerBoundaryIs>
            <LinearRing>
              <coordinates>-109.928975733333,27.395963762376,0 -109.929016400000,27.395963762376,0 -109.929016400000,27.395998415842,0 -109.928975733333,27.395998415842,0 -109.928975733333,27.395963762376,0 </coordinates>
            </LinearRing>
          </outerBoundaryIs>
        </Polygon>
      </Placemark>
      <Placemark>
        <name>16/4/AYLT/253</name>
        <description>16/4/AYLT/253</description>
        <styleUrl>#m_ylw-pushpin</styleUrl>
        <Polygon>
          <tessellate>1</tessellate>
          <outerBoundaryIs>
            <LinearRing>
              <coordinates>-109.929028600000,27.395963762376,0 -109.929069266667,27.395963762376,0 -109.929069266667,27.395998415842,0 -109.929028600000,27.395998415842,0 -109.929028600000,27.395963762376,0 </coordinates>
            </LinearRing>
          </outerBoundaryIs>
        </Polygon>
      </Placemark>
      <Placemark>
        <name>16/5/AYLT/254</name>
        <description>16/5/AYLT/254</description>
        <styleUrl>#m_ylw-pushpin</styleUrl>
        <Polygon>
          <tessellate>1</tessellate>
          <outerBoundaryIs>
            <LinearRing>
              <coordinates>-109.929081466667,27.395963762376,0 -109.929122133333,27.395963762376,0 -109.929122133333,27.395998415842,0 -109.929081466667,27.395998415842,0 -109.929081466667,27.395963762376,0 </coordinates>
            </LinearRing>
          </outerBoundaryIs>
        </Polygon>
      </Placemark>
      <Placemark>
        <name>16/6/AYLT/255</name>
        <description>16/6/AYLT/255</description>
        <styleUrl>#m_ylw-pushpin</styleUrl>
        <Polygon>
          <tessellate>1</tessellate>
          <outerBoundaryIs>
            <LinearRing>
              <coordinates>-109.929134333333,27.395963762376,0 -109.929175000000,27.395963762376,0 -109.929175000000,27.395998415842,0 -109.929134333333,27.395998415842,0 -109.929134333333,27.395963762376,0 </coordinates>
            </LinearRing>
          </outerBoundaryIs>
        </Polygon>
      </Placemark>
      <Placemark>
        <name>16/7/AYLT/256</name>
        <description>16/7/AYLT/256</description>
        <styleUrl>#m_ylw-pushpin</styleUrl>
        <Polygon>
          <tessellate>1</tessellate>
          <outerBoundaryIs>
            <LinearRing>
              <coordinates>-109.929187200000,27.395963762376,0 -109.929227866667,27.395963762376,0 -109.929227866667,27.395998415842,0 -109.929187200000,27.395998415842,0 -109.929187200000,27.395963762376,0 </coordinates>
            </LinearRing>
          </outerBoundaryIs>
        </Polygon>
      </Placemark>
      <Placemark>
        <name>16/8/AYLT/257</name>
        <description>16/8/AYLT/257</description>
        <styleUrl>#m_ylw-pushpin</styleUrl>
        <Polygon>
          <tessellate>1</tessellate>
          <outerBoundaryIs>
            <LinearRing>
              <coordinates>-109.929240066667,27.395963762376,0 -109.929280733333,27.395963762376,0 -109.929280733333,27.395998415842,0 -109.929240066667,27.395998415842,0 -109.929240066667,27.395963762376,0 </coordinates>
            </LinearRing>
          </outerBoundaryIs>
        </Polygon>
      </Placemark>
      <Placemark>
        <name>16/9/AYLT/258</name>
        <description>16/9/AYLT/258</description>
        <styleUrl>#m_ylw-pushpin</styleUrl>
        <Polygon>
          <tessellate>1</tessellate>
          <outerBoundaryIs>
            <LinearRing>
              <coordinates>-109.929292933333,27.395963762376,0 -109.929333600000,27.395963762376,0 -109.929333600000,27.395998415842,0 -109.929292933333,27.395998415842,0 -109.929292933333,27.395963762376,0 </coordinates>
            </LinearRing>
          </outerBoundaryIs>
        </Polygon>
      </Placemark>
      <Placemark>
        <name>16/10/AYLT/259</name>
        <description>16/10/AYLT/259</description>
        <styleUrl>#m_ylw-pushpin</styleUrl>
        <Polygon>
          <tessellate>1</tessellate>
          <outerBoundaryIs>
            <LinearRing>
              <coordinates>-109.929345800000,27.395963762376,0 -109.929386466667,27.395963762376,0 -109.929386466667,27.395998415842,0 -109.929345800000,27.395998415842,0 -109.929345800000,27.395963762376,0 </coordinates>
            </LinearRing>
          </outerBoundaryIs>
        </Polygon>
      </Placemark>
      <Placemark>
        <name>16/11/AYLT/260</name>
        <description>16/11/AYLT/260</description>
        <styleUrl>#m_ylw-pushpin</styleUrl>
        <Polygon>
          <tessellate>1</tessellate>
          <outerBoundaryIs>
            <LinearRing>
              <coordinates>-109.929398666667,27.395963762376,0 -109.929439333333,27.395963762376,0 -109.929439333333,27.395998415842,0 -109.929398666667,27.395998415842,0 -109.929398666667,27.395963762376,0 </coordinates>
            </LinearRing>
          </outerBoundaryIs>
        </Polygon>
      </Placemark>
      <Placemark>
        <name>16/12/BORDO/</name>
        <description>16/12/BORDO/</description>
        <styleUrl>#m_ylw-pushpin</styleUrl>
        <Polygon>
          <tessellate>1</tessellate>
          <outerBoundaryIs>
            <LinearRing>
              <coordinates>-109.929451533333,27.395963762376,0 -109.929492200000,27.395963762376,0 -109.929492200000,27.395998415842,0 -109.929451533333,27.395998415842,0 -109.929451533333,27.395963762376,0 </coordinates>
            </LinearRing>
          </outerBoundaryIs>
        </Polygon>
      </Placemark>
      <Placemark>
        <name>17/1/BORDO/</name>
        <description>17/1/BORDO/</description>
        <styleUrl>#m_ylw-pushpin</styleUrl>
        <Polygon>
          <tessellate>1</tessellate>
          <outerBoundaryIs>
            <LinearRing>
              <coordinates>-109.928870000000,27.396005346535,0 -109.928910666667,27.396005346535,0 -109.928910666667,27.396040000000,0 -109.928870000000,27.396040000000,0 -109.928870000000,27.396005346535,0 </coordinates>
            </LinearRing>
          </outerBoundaryIs>
        </Polygon>
      </Placemark>
      <Placemark>
        <name>17/2/BORDO/</name>
        <description>17/2/BORDO/</description>
        <styleUrl>#m_ylw-pushpin</styleUrl>
        <Polygon>
          <tessellate>1</tessellate>
          <outerBoundaryIs>
            <LinearRing>
              <coordinates>-109.928922866667,27.396005346535,0 -109.928963533333,27.396005346535,0 -109.928963533333,27.396040000000,0 -109.928922866667,27.396040000000,0 -109.928922866667,27.396005346535,0 </coordinates>
            </LinearRing>
          </outerBoundaryIs>
        </Polygon>
      </Placemark>
      <Placemark>
        <name>17/3/BORDO/</name>
        <description>17/3/BORDO/</description>
        <styleUrl>#m_ylw-pushpin</styleUrl>
        <Polygon>
          <tessellate>1</tessellate>
          <outerBoundaryIs>
            <LinearRing>
              <coordinates>-109.928975733333,27.396005346535,0 -109.929016400000,27.396005346535,0 -109.929016400000,27.396040000000,0 -109.928975733333,27.396040000000,0 -109.928975733333,27.396005346535,0 </coordinates>
            </LinearRing>
          </outerBoundaryIs>
        </Polygon>
      </Placemark>
      <Placemark>
        <name>17/4/BORDO/</name>
        <description>17/4/BORDO/</description>
        <styleUrl>#m_ylw-pushpin</styleUrl>
        <Polygon>
          <tessellate>1</tessellate>
          <outerBoundaryIs>
            <LinearRing>
              <coordinates>-109.929028600000,27.396005346535,0 -109.929069266667,27.396005346535,0 -109.929069266667,27.396040000000,0 -109.929028600000,27.396040000000,0 -109.929028600000,27.396005346535,0 </coordinates>
            </LinearRing>
          </outerBoundaryIs>
        </Polygon>
      </Placemark>
      <Placemark>
        <name>17/5/BORDO/</name>
        <description>17/5/BORDO/</description>
        <styleUrl>#m_ylw-pushpin</styleUrl>
        <Polygon>
          <tessellate>1</tessellate>
          <outerBoundaryIs>
            <LinearRing>
              <coordinates>-109.929081466667,27.396005346535,0 -109.929122133333,27.396005346535,0 -109.929122133333,27.396040000000,0 -109.929081466667,27.396040000000,0 -109.929081466667,27.396005346535,0 </coordinates>
            </LinearRing>
          </outerBoundaryIs>
        </Polygon>
      </Placemark>
      <Placemark>
        <name>17/6/BORDO/</name>
        <description>17/6/BORDO/</description>
        <styleUrl>#m_ylw-pushpin</styleUrl>
        <Polygon>
          <tessellate>1</tessellate>
          <outerBoundaryIs>
            <LinearRing>
              <coordinates>-109.929134333333,27.396005346535,0 -109.929175000000,27.396005346535,0 -109.929175000000,27.396040000000,0 -109.929134333333,27.396040000000,0 -109.929134333333,27.396005346535,0 </coordinates>
            </LinearRing>
          </outerBoundaryIs>
        </Polygon>
      </Placemark>
      <Placemark>
        <name>17/7/BORDO/</name>
        <description>17/7/BORDO/</description>
        <styleUrl>#m_ylw-pushpin</styleUrl>
        <Polygon>
          <tessellate>1</tessellate>
          <outerBoundaryIs>
            <LinearRing>
              <coordinates>-109.929187200000,27.396005346535,0 -109.929227866667,27.396005346535,0 -109.929227866667,27.396040000000,0 -109.929187200000,27.396040000000,0 -109.929187200000,27.396005346535,0 </coordinates>
            </LinearRing>
          </outerBoundaryIs>
        </Polygon>
      </Placemark>
      <Placemark>
        <name>17/8/BORDO/</name>
        <description>17/8/BORDO/</description>
        <styleUrl>#m_ylw-pushpin</styleUrl>
        <Polygon>
          <tessellate>1</tessellate>
          <outerBoundaryIs>
            <LinearRing>
              <coordinates>-109.929240066667,27.396005346535,0 -109.929280733333,27.396005346535,0 -109.929280733333,27.396040000000,0 -109.929240066667,27.396040000000,0 -109.929240066667,27.396005346535,0 </coordinates>
            </LinearRing>
          </outerBoundaryIs>
        </Polygon>
      </Placemark>
      <Placemark>
        <name>17/9/BORDO/</name>
        <description>17/9/BORDO/</description>
        <styleUrl>#m_ylw-pushpin</styleUrl>
        <Polygon>
          <tessellate>1</tessellate>
          <outerBoundaryIs>
            <LinearRing>
              <coordinates>-109.929292933333,27.396005346535,0 -109.929333600000,27.396005346535,0 -109.929333600000,27.396040000000,0 -109.929292933333,27.396040000000,0 -109.929292933333,27.396005346535,0 </coordinates>
            </LinearRing>
          </outerBoundaryIs>
        </Polygon>
      </Placemark>
      <Placemark>
        <name>17/10/BORDO/</name>
        <description>17/10/BORDO/</description>
        <styleUrl>#m_ylw-pushpin</styleUrl>
        <Polygon>
          <tessellate>1</tessellate>
          <outerBoundaryIs>
            <LinearRing>
              <coordinates>-109.929345800000,27.396005346535,0 -109.929386466667,27.396005346535,0 -109.929386466667,27.396040000000,0 -109.929345800000,27.396040000000,0 -109.929345800000,27.396005346535,0 </coordinates>
            </LinearRing>
          </outerBoundaryIs>
        </Polygon>
      </Placemark>
      <Placemark>
        <name>17/11/BORDO/</name>
        <description>17/11/BORDO/</description>
        <styleUrl>#m_ylw-pushpin</styleUrl>
        <Polygon>
          <tessellate>1</tessellate>
          <outerBoundaryIs>
            <LinearRing>
              <coordinates>-109.929398666667,27.396005346535,0 -109.929439333333,27.396005346535,0 -109.929439333333,27.396040000000,0 -109.929398666667,27.396040000000,0 -109.929398666667,27.396005346535,0 </coordinates>
            </LinearRing>
          </outerBoundaryIs>
        </Polygon>
      </Placemark>
      <Placemark>
        <name>17/12/BORDO/</name>
        <description>17/12/BORDO/</description>
        <styleUrl>#m_ylw-pushpin</styleUrl>
        <Polygon>
          <tessellate>1</tessellate>
          <outerBoundaryIs>
            <LinearRing>
              <coordinates>-109.929451533333,27.396005346535,0 -109.929492200000,27.396005346535,0 -109.929492200000,27.396040000000,0 -109.929451533333,27.396040000000,0 -109.929451533333,27.396005346535,0 </coordinates>
            </LinearRing>
          </outerBoundaryIs>
        </Polygon>
      </Placemark>
    </Folder>
    <Folder>
      <name>main-Puntos de Origen</name>
      <Placemark>
        <name>Punto 1</name>
        <Point>
          <coordinates>-109.92887,27.39534,0</coordinates>
        </Point>
      </Placemark>
      <Placemark>
        <name>Punto 2</name>
        <Point>
          <coordinates>-109.92887,27.39534,0</coordinates>
        </Point>
      </Placemark>
    </Folder>
    <Folder>
      <name>main-Puntos</name>
      <Placemark>
        <styleUrl>#m_ylw-pushpin</styleUrl>
        <name>1/1/BORDO/</name>
        <Point>
          <coordinates>-109.928890333333,27.395357326733,0</coordinates>
        </Point>
      </Placemark>
      <Placemark>
        <styleUrl>#m_ylw-pushpin</styleUrl>
        <name>1/2/BORDO/</name>
        <Point>
          <coordinates>-109.928943200000,27.395357326733,0</coordinates>
        </Point>
      </Placemark>
      <Placemark>
        <styleUrl>#m_ylw-pushpin</styleUrl>
        <name>1/3/BORDO/</name>
        <Point>
          <coordinates>-109.928996066667,27.395357326733,0</coordinates>
        </Point>
      </Placemark>
      <Placemark>
        <styleUrl>#m_ylw-pushpin</styleUrl>
        <name>1/4/BORDO/</name>
        <Point>
          <coordinates>-109.929048933333,27.395357326733,0</coordinates>
        </Point>
      </Placemark>
      <Placemark>
        <styleUrl>#m_ylw-pushpin</styleUrl>
        <name>1/5/BORDO/</name>
        <Point>
          <coordinates>-109.929101800000,27.395357326733,0</coordinates>
        </Point>
      </Placemark>
      <Placemark>
        <styleUrl>#m_ylw-pushpin</styleUrl>
        <name>1/6/BORDO/</name>
        <Point>
          <coordinates>-109.929154666667,27.395357326733,0</coordinates>
        </Point>
      </Placemark>
      <Placemark>
        <styleUrl>#m_ylw-pushpin</styleUrl>
        <name>1/7/BORDO/</name>
        <Point>
          <coordinates>-109.929207533333,27.395357326733,0</coordinates>
        </Point>
      </Placemark>
      <Placemark>
        <styleUrl>#m_ylw-pushpin</styleUrl>
        <name>1/8/BORDO/</name>
        <Point>
          <coordinates>-109.929260400000,27.395357326733,0</coordinates>
        </Point>
      </Placemark>
      <Placemark>
        <styleUrl>#m_ylw-pushpin</styleUrl>
        <name>1/9/BORDO/</name>
        <Point>
          <coordinates>-109.929313266667,27.395357326733,0</coordinates>
        </Point>
      </Placemark>
      <Placemark>
        <styleUrl>#m_ylw-pushpin</styleUrl>
        <name>1/10/BORDO/</name>
        <Point>
          <coordinates>-109.929366133333,27.395357326733,0</coordinates>
        </Point>
      </Placemark>
      <Placemark>
        <styleUrl>#m_ylw-pushpin</styleUrl>
        <name>1/11/BORDO/</name>
        <Point>
          <coordinates>-109.929419000000,27.395357326733,0</coordinates>
        </Point>
      </Placemark>
      <Placemark>
        <styleUrl>#m_ylw-pushpin</styleUrl>
        <name>1/12/BORDO/</name>
        <Point>
          <coordinates>-109.929471866667,27.395357326733,0</coordinates>
        </Point>
      </Placemark>
      <Placemark>
        <styleUrl>#m_ylw-pushpin</styleUrl>
        <name>2/1/BORDO/</name>
        <Point>
          <coordinates>-109.928890333333,27.395398910891,0</coordinates>
        </Point>
      </Placemark>
      <Placemark>
        <styleUrl>#m_ylw-pushpin</styleUrl>
        <name>2/2/AYLT/110</name>
        <Point>
          <coordinates>-109.928943200000,27.395398910891,0</coordinates>
        </Point>
      </Placemark>
      <Placemark>
        <styleUrl>#m_ylw-pushpin</styleUrl>
        <name>2/3/AYLT/109</name>
        <Point>
          <coordinates>-109.928996066667,27.395398910891,0</coordinates>
        </Point>
      </Placemark>
      <Placemark>
        <styleUrl>#m_ylw-pushpin</styleUrl>
        <name>2/4/AYLT/108</name>
        <Point>
          <coordinates>-109.929048933333,27.395398910891,0</coordinates>
        </Point>
      </Placemark>
      <Placemark>
        <styleUrl>#m_ylw-pushpin</styleUrl>
        <name>2/5/AYLT/107</name>
        <Point>
          <coordinates>-109.929101800000,27.395398910891,0</coordinates>
        </Point>
      </Placemark>
      <Placemark>
        <styleUrl>#m_ylw-pushpin</styleUrl>
        <name>2/6/AYLT/106</name>
        <Point>
          <coordinates>-109.929154666667,27.395398910891,0</coordinates>
        </Point>
      </Placemark>
      <Placemark>
        <styleUrl>#m_ylw-pushpin</styleUrl>
        <name>2/7/AYLT/105</name>
        <Point>
          <coordinates>-109.929207533333,27.395398910891,0</coordinates>
        </Point>
      </Placemark>
      <Placemark>
        <styleUrl>#m_ylw-pushpin</styleUrl>
        <name>2/8/AYLT/104</name>
        <Point>
          <coordinates>-109.929260400000,27.395398910891,0</coordinates>
        </Point>
      </Placemark>
      <Placemark>
        <styleUrl>#m_ylw-pushpin</styleUrl>
        <name>2/9/AYLT/103</name>
        <Point>
          <coordinates>-109.929313266667,27.395398910891,0</coordinates>
        </Point>
      </Placemark>
      <Placemark>
        <styleUrl>#m_ylw-pushpin</styleUrl>
        <name>2/10/AYLT/102</name>
        <Point>
          <coordinates>-109.929366133333,27.395398910891,0</coordinates>
        </Point>
      </Placemark>
      <Placemark>
        <styleUrl>#m_ylw-pushpin</styleUrl>
        <name>2/11/AYLT/101</name>
        <Point>
          <coordinates>-109.929419000000,27.395398910891,0</coordinates>
        </Point>
      </Placemark>
      <Placemark>
        <styleUrl>#m_ylw-pushpin</styleUrl>
        <name>2/12/BORDO/</name>
        <Point>
          <coordinates>-109.929471866667,27.395398910891,0</coordinates>
        </Point>
      </Placemark>
      <Placemark>
        <styleUrl>#m_ylw-pushpin</styleUrl>
        <name>3/1/BORDO/</name>
        <Point>
          <coordinates>-109.928890333333,27.395440495050,0</coordinates>
        </Point>
      </Placemark>
      <Placemark>
        <styleUrl>#m_ylw-pushpin</styleUrl>
        <name>3/2/AYLT/111</name>
        <Point>
          <coordinates>-109.928943200000,27.395440495050,0</coordinates>
        </Point>
      </Placemark>
      <Placemark>
        <styleUrl>#m_ylw-pushpin</styleUrl>
        <name>3/3/AYLT/112</name>
        <Point>
          <coordinates>-109.928996066667,27.395440495050,0</coordinates>
        </Point>
      </Placemark>
      <Placemark>
        <styleUrl>#m_ylw-pushpin</styleUrl>
        <name>3/4/AYLT/113</name>
        <Point>
          <coordinates>-109.929048933333,27.395440495050,0</coordinates>
        </Point>
      </Placemark>
      <Placemark>
        <styleUrl>#m_ylw-pushpin</styleUrl>
        <name>3/5/AYLT/114</name>
        <Point>
          <coordinates>-109.929101800000,27.395440495050,0</coordinates>
        </Point>
      </Placemark>
      <Placemark>
        <styleUrl>#m_ylw-pushpin</styleUrl>
        <name>3/6/AYLT/115</name>
        <Point>
          <coordinates>-109.929154666667,27.395440495050,0</coordinates>
        </Point>
      </Placemark>
      <Placemark>
        <styleUrl>#m_ylw-pushpin</styleUrl>
        <name>3/7/AYLT/116</name>
        <Point>
          <coordinates>-109.929207533333,27.395440495050,0</coordinates>
        </Point>
      </Placemark>
      <Placemark>
        <styleUrl>#m_ylw-pushpin</styleUrl>
        <name>3/8/AYLT/117</name>
        <Point>
          <coordinates>-109.929260400000,27.395440495050,0</coordinates>
        </Point>
      </Placemark>
      <Placemark>
        <styleUrl>#m_ylw-pushpin</styleUrl>
        <name>3/9/AYLT/118</name>
        <Point>
          <coordinates>-109.929313266667,27.395440495050,0</coordinates>
        </Point>
      </Placemark>
      <Placemark>
        <styleUrl>#m_ylw-pushpin</styleUrl>
        <name>3/10/AYLT/119</name>
        <Point>
          <coordinates>-109.929366133333,27.395440495050,0</coordinates>
        </Point>
      </Placemark>
      <Placemark>
        <styleUrl>#m_ylw-pushpin</styleUrl>
        <name>3/11/AYLT/120</name>
        <Point>
          <coordinates>-109.929419000000,27.395440495050,0</coordinates>
        </Point>
      </Placemark>
      <Placemark>
        <styleUrl>#m_ylw-pushpin</styleUrl>
        <name>3/12/BORDO/</name>
        <Point>
          <coordinates>-109.929471866667,27.395440495050,0</coordinates>
        </Point>
      </Placemark>
      <Placemark>
        <styleUrl>#m_ylw-pushpin</styleUrl>
        <name>4/1/BORDO/</name>
        <Point>
          <coordinates>-109.928890333333,27.395482079208,0</coordinates>
        </Point>
      </Placemark>
      <Placemark>
        <styleUrl>#m_ylw-pushpin</styleUrl>
        <name>4/2/AYLT/130</name>
        <Point>
          <coordinates>-109.928943200000,27.395482079208,0</coordinates>
        </Point>
      </Placemark>
      <Placemark>
        <styleUrl>#m_ylw-pushpin</styleUrl>
        <name>4/3/AYLT/129</name>
        <Point>
          <coordinates>-109.928996066667,27.395482079208,0</coordinates>
        </Point>
      </Placemark>
      <Placemark>
        <styleUrl>#m_ylw-pushpin</styleUrl>
        <name>4/4/AYLT/128</name>
        <Point>
          <coordinates>-109.929048933333,27.395482079208,0</coordinates>
        </Point>
      </Placemark>
      <Placemark>
        <styleUrl>#m_ylw-pushpin</styleUrl>
        <name>4/5/AYLT/127</name>
        <Point>
          <coordinates>-109.929101800000,27.395482079208,0</coordinates>
        </Point>
      </Placemark>
      <Placemark>
        <styleUrl>#m_ylw-pushpin</styleUrl>
        <name>4/6/AYLT/126</name>
        <Point>
          <coordinates>-109.929154666667,27.395482079208,0</coordinates>
        </Point>
      </Placemark>
      <Placemark>
        <styleUrl>#m_ylw-pushpin</styleUrl>
        <name>4/7/AYLT/125</name>
        <Point>
          <coordinates>-109.929207533333,27.395482079208,0</coordinates>
        </Point>
      </Placemark>
      <Placemark>
        <styleUrl>#m_ylw-pushpin</styleUrl>
        <name>4/8/AYLT/124</name>
        <Point>
          <coordinates>-109.929260400000,27.395482079208,0</coordinates>
        </Point>
      </Placemark>
      <Placemark>
        <styleUrl>#m_ylw-pushpin</styleUrl>
        <name>4/9/AYLT/123</name>
        <Point>
          <coordinates>-109.929313266667,27.395482079208,0</coordinates>
        </Point>
      </Placemark>
      <Placemark>
        <styleUrl>#m_ylw-pushpin</styleUrl>
        <name>4/10/AYLT/122</name>
        <Point>
          <coordinates>-109.929366133333,27.395482079208,0</coordinates>
        </Point>
      </Placemark>
      <Placemark>
        <styleUrl>#m_ylw-pushpin</styleUrl>
        <name>4/11/AYLT/121</name>
        <Point>
          <coordinates>-109.929419000000,27.395482079208,0</coordinates>
        </Point>
      </Placemark>
      <Placemark>
        <styleUrl>#m_ylw-pushpin</styleUrl>
        <name>4/12/BORDO/</name>
        <Point>
          <coordinates>-109.929471866667,27.395482079208,0</coordinates>
        </Point>
      </Placemark>
      <Placemark>
        <styleUrl>#m_ylw-pushpin</styleUrl>
        <name>5/1/BORDO/</name>
        <Point>
          <coordinates>-109.928890333333,27.395523663366,0</coordinates>
        </Point>
      </Placemark>
      <Placemark>
        <styleUrl>#m_ylw-pushpin</styleUrl>
        <name>5/2/AYLT/131</name>
        <Point>
          <coordinates>-109.928943200000,27.395523663366,0</coordinates>
        </Point>
      </Placemark>
      <Placemark>
        <styleUrl>#m_ylw-pushpin</styleUrl>
        <name>5/3/AYLT/132</name>
        <Point>
          <coordinates>-109.928996066667,27.395523663366,0</coordinates>
        </Point>
      </Placemark>
      <Placemark>
        <styleUrl>#m_ylw-pushpin</styleUrl>
        <name>5/4/AYLT/133</name>
        <Point>
          <coordinates>-109.929048933333,27.395523663366,0</coordinates>
        </Point>
      </Placemark>
      <Placemark>
        <styleUrl>#m_ylw-pushpin</styleUrl>
        <name>5/5/AYLT/134</name>
        <Point>
          <coordinates>-109.929101800000,27.395523663366,0</coordinates>
        </Point>
      </Placemark>
      <Placemark>
        <styleUrl>#m_ylw-pushpin</styleUrl>
        <name>5/6/AYLT/135</name>
        <Point>
          <coordinates>-109.929154666667,27.395523663366,0</coordinates>
        </Point>
      </Placemark>
      <Placemark>
        <styleUrl>#m_ylw-pushpin</styleUrl>
        <name>5/7/AYLT/136</name>
        <Point>
          <coordinates>-109.929207533333,27.395523663366,0</coordinates>
        </Point>
      </Placemark>
      <Placemark>
        <styleUrl>#m_ylw-pushpin</styleUrl>
        <name>5/8/AYLT/137</name>
        <Point>
          <coordinates>-109.929260400000,27.395523663366,0</coordinates>
        </Point>
      </Placemark>
      <Placemark>
        <styleUrl>#m_ylw-pushpin</styleUrl>
        <name>5/9/AYLT/138</name>
        <Point>
          <coordinates>-109.929313266667,27.395523663366,0</coordinates>
        </Point>
      </Placemark>
      <Placemark>
        <styleUrl>#m_ylw-pushpin</styleUrl>
        <name>5/10/AYLT/139</name>
        <Point>
          <coordinates>-109.929366133333,27.395523663366,0</coordinates>
        </Point>
      </Placemark>
      <Placemark>
        <styleUrl>#m_ylw-pushpin</styleUrl>
        <name>5/11/AYLT/140</name>
        <Point>
          <coordinates>-109.929419000000,27.395523663366,0</coordinates>
        </Point>
      </Placemark>
      <Placemark>
        <styleUrl>#m_ylw-pushpin</styleUrl>
        <name>5/12/BORDO/</name>
        <Point>
          <coordinates>-109.929471866667,27.395523663366,0</coordinates>
        </Point>
      </Placemark>
      <Placemark>
        <styleUrl>#m_ylw-pushpin</styleUrl>
        <name>6/1/BORDO/</name>
        <Point>
          <coordinates>-109.928890333333,27.395565247525,0</coordinates>
        </Point>
      </Placemark>
      <Placemark>
        <styleUrl>#m_ylw-pushpin</styleUrl>
        <name>6/2/AYLT/150</name>
        <Point>
          <coordinates>-109.928943200000,27.395565247525,0</coordinates>
        </Point>
      </Placemark>
      <Placemark>
        <styleUrl>#m_ylw-pushpin</styleUrl>
        <name>6/3/AYLT/149</name>
        <Point>
          <coordinates>-109.928996066667,27.395565247525,0</coordinates>
        </Point>
      </Placemark>
      <Placemark>
        <styleUrl>#m_ylw-pushpin</styleUrl>
        <name>6/4/AYLT/148</name>
        <Point>
          <coordinates>-109.929048933333,27.395565247525,0</coordinates>
        </Point>
      </Placemark>
      <Placemark>
        <styleUrl>#m_ylw-pushpin</styleUrl>
        <name>6/5/AYLT/147</name>
        <Point>
          <coordinates>-109.929101800000,27.395565247525,0</coordinates>
        </Point>
      </Placemark>
      <Placemark>
        <styleUrl>#m_ylw-pushpin</styleUrl>
        <name>6/6/AYLT/146</name>
        <Point>
          <coordinates>-109.929154666667,27.395565247525,0</coordinates>
        </Point>
      </Placemark>
      <Placemark>
        <styleUrl>#m_ylw-pushpin</styleUrl>
        <name>6/7/AYLT/145</name>
        <Point>
          <coordinates>-109.929207533333,27.395565247525,0</coordinates>
        </Point>
      </Placemark>
      <Placemark>
        <styleUrl>#m_ylw-pushpin</styleUrl>
        <name>6/8/AYLT/144</name>
        <Point>
          <coordinates>-109.929260400000,27.395565247525,0</coordinates>
        </Point>
      </Placemark>
      <Placemark>
        <styleUrl>#m_ylw-pushpin</styleUrl>
        <name>6/9/AYLT/143</name>
        <Point>
          <coordinates>-109.929313266667,27.395565247525,0</coordinates>
        </Point>
      </Placemark>
      <Placemark>
        <styleUrl>#m_ylw-pushpin</styleUrl>
        <name>6/10/AYLT/142</name>
        <Point>
          <coordinates>-109.929366133333,27.395565247525,0</coordinates>
        </Point>
      </Placemark>
      <Placemark>
        <styleUrl>#m_ylw-pushpin</styleUrl>
        <name>6/11/AYLT/141</name>
        <Point>
          <coordinates>-109.929419000000,27.395565247525,0</coordinates>
        </Point>
      </Placemark>
      <Placemark>
        <styleUrl>#m_ylw-pushpin</styleUrl>
        <name>6/12/BORDO/</name>
        <Point>
          <coordinates>-109.929471866667,27.395565247525,0</coordinates>
        </Point>
      </Placemark>
      <Placemark>
        <styleUrl>#m_ylw-pushpin</styleUrl>
        <name>7/1/BORDO/</name>
        <Point>
          <coordinates>-109.928890333333,27.395606831683,0</coordinates>
        </Point>
      </Placemark>
      <Placemark>
        <styleUrl>#m_ylw-pushpin</styleUrl>
        <name>7/2/AYLT/151</name>
        <Point>
          <coordinates>-109.928943200000,27.395606831683,0</coordinates>
        </Point>
      </Placemark>
      <Placemark>
        <styleUrl>#m_ylw-pushpin</styleUrl>
        <name>7/3/AYLT/152</name>
        <Point>
          <coordinates>-109.928996066667,27.395606831683,0</coordinates>
        </Point>
      </Placemark>
      <Placemark>
        <styleUrl>#m_ylw-pushpin</styleUrl>
        <name>7/4/AYLT/153</name>
        <Point>
          <coordinates>-109.929048933333,27.395606831683,0</coordinates>
        </Point>
      </Placemark>
      <Placemark>
        <styleUrl>#m_ylw-pushpin</styleUrl>
        <name>7/5/AYLT/154</name>
        <Point>
          <coordinates>-109.929101800000,27.395606831683,0</coordinates>
        </Point>
      </Placemark>
      <Placemark>
        <styleUrl>#m_ylw-pushpin</styleUrl>
        <name>7/6/AYLT/155</name>
        <Point>
          <coordinates>-109.929154666667,27.395606831683,0</coordinates>
        </Point>
      </Placemark>
      <Placemark>
        <styleUrl>#m_ylw-pushpin</styleUrl>
        <name>7/7/AYLT/156</name>
        <Point>
          <coordinates>-109.929207533333,27.395606831683,0</coordinates>
        </Point>
      </Placemark>
      <Placemark>
        <styleUrl>#m_ylw-pushpin</styleUrl>
        <name>7/8/AYLT/157</name>
        <Point>
          <coordinates>-109.929260400000,27.395606831683,0</coordinates>
        </Point>
      </Placemark>
      <Placemark>
        <styleUrl>#m_ylw-pushpin</styleUrl>
        <name>7/9/AYLT/158</name>
        <Point>
          <coordinates>-109.929313266667,27.395606831683,0</coordinates>
        </Point>
      </Placemark>
      <Placemark>
        <styleUrl>#m_ylw-pushpin</styleUrl>
        <name>7/10/AYLT/159</name>
        <Point>
          <coordinates>-109.929366133333,27.395606831683,0</coordinates>
        </Point>
      </Placemark>
      <Placemark>
        <styleUrl>#m_ylw-pushpin</styleUrl>
        <name>7/11/AYLT/160</name>
        <Point>
          <coordinates>-109.929419000000,27.395606831683,0</coordinates>
        </Point>
      </Placemark>
      <Placemark>
        <styleUrl>#m_ylw-pushpin</styleUrl>
        <name>7/12/BORDO/</name>
        <Point>
          <coordinates>-109.929471866667,27.395606831683,0</coordinates>
        </Point>
      </Placemark>
      <Placemark>
        <styleUrl>#m_ylw-pushpin</styleUrl>
        <name>8/1/BORDO/</name>
        <Point>
          <coordinates>-109.928890333333,27.395648415842,0</coordinates>
        </Point>
      </Placemark>
      <Placemark>
        <styleUrl>#m_ylw-pushpin</styleUrl>
        <name>8/2/BORDO/</name>
        <Point>
          <coordinates>-109.928943200000,27.395648415842,0</coordinates>
        </Point>
      </Placemark>
      <Placemark>
        <styleUrl>#m_ylw-pushpin</styleUrl>
        <name>8/3/BORDO/</name>
        <Point>
          <coordinates>-109.928996066667,27.395648415842,0</coordinates>
        </Point>
      </Placemark>
      <Placemark>
        <styleUrl>#m_ylw-pushpin</styleUrl>
        <name>8/4/BORDO/</name>
        <Point>
          <coordinates>-109.929048933333,27.395648415842,0</coordinates>
        </Point>
      </Placemark>
      <Placemark>
        <styleUrl>#m_ylw-pushpin</styleUrl>
        <name>8/5/BORDO/</name>
        <Point>
          <coordinates>-109.929101800000,27.395648415842,0</coordinates>
        </Point>
      </Placemark>
      <Placemark>
        <styleUrl>#m_ylw-pushpin</styleUrl>
        <name>8/6/BORDO/</name>
        <Point>
          <coordinates>-109.929154666667,27.395648415842,0</coordinates>
        </Point>
      </Placemark>
      <Placemark>
        <styleUrl>#m_ylw-pushpin</styleUrl>
        <name>8/7/BORDO/</name>
        <Point>
          <coordinates>-109.929207533333,27.395648415842,0</coordinates>
        </Point>
      </Placemark>
      <Placemark>
        <styleUrl>#m_ylw-pushpin</styleUrl>
        <name>8/8/BORDO/</name>
        <Point>
          <coordinates>-109.929260400000,27.395648415842,0</coordinates>
        </Point>
      </Placemark>
      <Placemark>
        <styleUrl>#m_ylw-pushpin</styleUrl>
        <name>8/9/BORDO/</name>
        <Point>
          <coordinates>-109.929313266667,27.395648415842,0</coordinates>
        </Point>
      </Placemark>
      <Placemark>
        <styleUrl>#m_ylw-pushpin</styleUrl>
        <name>8/10/BORDO/</name>
        <Point>
          <coordinates>-109.929366133333,27.395648415842,0</coordinates>
        </Point>
      </Placemark>
      <Placemark>
        <styleUrl>#m_ylw-pushpin</styleUrl>
        <name>8/11/BORDO/</name>
        <Point>
          <coordinates>-109.929419000000,27.395648415842,0</coordinates>
        </Point>
      </Placemark>
      <Placemark>
        <styleUrl>#m_ylw-pushpin</styleUrl>
        <name>8/12/BORDO/</name>
        <Point>
          <coordinates>-109.929471866667,27.395648415842,0</coordinates>
        </Point>
      </Placemark>
      <Placemark>
        <styleUrl>#m_ylw-pushpin</styleUrl>
        <name>9/1/AYLT/</name>
        <Point>
          <coordinates>-109.928890333333,27.395690000000,0</coordinates>
        </Point>
      </Placemark>
      <Placemark>
        <styleUrl>#m_ylw-pushpin</styleUrl>
        <name>9/2/AYLT/</name>
        <Point>
          <coordinates>-109.928943200000,27.395690000000,0</coordinates>
        </Point>
      </Placemark>
      <Placemark>
        <styleUrl>#m_ylw-pushpin</styleUrl>
        <name>9/3/AYLT/</name>
        <Point>
          <coordinates>-109.928996066667,27.395690000000,0</coordinates>
        </Point>
      </Placemark>
      <Placemark>
        <styleUrl>#m_ylw-pushpin</styleUrl>
        <name>9/4/AYLT/</name>
        <Point>
          <coordinates>-109.929048933333,27.395690000000,0</coordinates>
        </Point>
      </Placemark>
      <Placemark>
        <styleUrl>#m_ylw-pushpin</styleUrl>
        <name>9/5/AYLT/</name>
        <Point>
          <coordinates>-109.929101800000,27.395690000000,0</coordinates>
        </Point>
      </Placemark>
      <Placemark>
        <styleUrl>#m_ylw-pushpin</styleUrl>
        <name>9/6/AYLT/</name>
        <Point>
          <coordinates>-109.929154666667,27.395690000000,0</coordinates>
        </Point>
      </Placemark>
      <Placemark>
        <styleUrl>#m_ylw-pushpin</styleUrl>
        <name>9/7/AYLT/</name>
        <Point>
          <coordinates>-109.929207533333,27.395690000000,0</coordinates>
        </Point>
      </Placemark>
      <Placemark>
        <styleUrl>#m_ylw-pushpin</styleUrl>
        <name>9/8/AYLT/</name>
        <Point>
          <coordinates>-109.929260400000,27.395690000000,0</coordinates>
        </Point>
      </Placemark>
      <Placemark>
        <styleUrl>#m_ylw-pushpin</styleUrl>
        <name>9/9/AYLT/</name>
        <Point>
          <coordinates>-109.929313266667,27.395690000000,0</coordinates>
        </Point>
      </Placemark>
      <Placemark>
        <styleUrl>#m_ylw-pushpin</styleUrl>
        <name>9/10/AYLT/</name>
        <Point>
          <coordinates>-109.929366133333,27.395690000000,0</coordinates>
        </Point>
      </Placemark>
      <Placemark>
        <styleUrl>#m_ylw-pushpin</styleUrl>
        <name>9/11/AYLT/</name>
        <Point>
          <coordinates>-109.929419000000,27.395690000000,0</coordinates>
        </Point>
      </Placemark>
      <Placemark>
        <styleUrl>#m_ylw-pushpin</styleUrl>
        <name>9/12/AYLT/</name>
        <Point>
          <coordinates>-109.929471866667,27.395690000000,0</coordinates>
        </Point>
      </Placemark>
      <Placemark>
        <styleUrl>#m_ylw-pushpin</styleUrl>
        <name>10/1/BORDO/</name>
        <Point>
          <coordinates>-109.928890333333,27.395731584158,0</coordinates>
        </Point>
      </Placemark>
      <Placemark>
        <styleUrl>#m_ylw-pushpin</styleUrl>
        <name>10/2/BORDO/</name>
        <Point>
          <coordinates>-109.928943200000,27.395731584158,0</coordinates>
        </Point>
      </Placemark>
      <Placemark>
        <styleUrl>#m_ylw-pushpin</styleUrl>
        <name>10/3/BORDO/</name>
        <Point>
          <coordinates>-109.928996066667,27.395731584158,0</coordinates>
        </Point>
      </Placemark>
      <Placemark>
        <styleUrl>#m_ylw-pushpin</styleUrl>
        <name>10/4/BORDO/</name>
        <Point>
          <coordinates>-109.929048933333,27.395731584158,0</coordinates>
        </Point>
      </Placemark>
      <Placemark>
        <styleUrl>#m_ylw-pushpin</styleUrl>
        <name>10/5/BORDO/</name>
        <Point>
          <coordinates>-109.929101800000,27.395731584158,0</coordinates>
        </Point>
      </Placemark>
      <Placemark>
        <styleUrl>#m_ylw-pushpin</styleUrl>
        <name>10/6/BORDO/</name>
        <Point>
          <coordinates>-109.929154666667,27.395731584158,0</coordinates>
        </Point>
      </Placemark>
      <Placemark>
        <styleUrl>#m_ylw-pushpin</styleUrl>
        <name>10/7/BORDO/</name>
        <Point>
          <coordinates>-109.929207533333,27.395731584158,0</coordinates>
        </Point>
      </Placemark>
      <Placemark>
        <styleUrl>#m_ylw-pushpin</styleUrl>
        <name>10/8/BORDO/</name>
        <Point>
          <coordinates>-109.929260400000,27.395731584158,0</coordinates>
        </Point>
      </Placemark>
      <Placemark>
        <styleUrl>#m_ylw-pushpin</styleUrl>
        <name>10/9/BORDO/</name>
        <Point>
          <coordinates>-109.929313266667,27.395731584158,0</coordinates>
        </Point>
      </Placemark>
      <Placemark>
        <styleUrl>#m_ylw-pushpin</styleUrl>
        <name>10/10/BORDO/</name>
        <Point>
          <coordinates>-109.929366133333,27.395731584158,0</coordinates>
        </Point>
      </Placemark>
      <Placemark>
        <styleUrl>#m_ylw-pushpin</styleUrl>
        <name>10/11/BORDO/</name>
        <Point>
          <coordinates>-109.929419000000,27.395731584158,0</coordinates>
        </Point>
      </Placemark>
      <Placemark>
        <styleUrl>#m_ylw-pushpin</styleUrl>
        <name>10/12/BORDO/</name>
        <Point>
          <coordinates>-109.929471866667,27.395731584158,0</coordinates>
        </Point>
      </Placemark>
      <Placemark>
        <styleUrl>#m_ylw-pushpin</styleUrl>
        <name>11/1/BORDO/</name>
        <Point>
          <coordinates>-109.928890333333,27.395773168317,0</coordinates>
        </Point>
      </Placemark>
      <Placemark>
        <styleUrl>#m_ylw-pushpin</styleUrl>
        <name>11/2/AYLT/210</name>
        <Point>
          <coordinates>-109.928943200000,27.395773168317,0</coordinates>
        </Point>
      </Placemark>
      <Placemark>
        <styleUrl>#m_ylw-pushpin</styleUrl>
        <name>11/3/AYLT/209</name>
        <Point>
          <coordinates>-109.928996066667,27.395773168317,0</coordinates>
        </Point>
      </Placemark>
      <Placemark>
        <styleUrl>#m_ylw-pushpin</styleUrl>
        <name>11/4/AYLT/208</name>
        <Point>
          <coordinates>-109.929048933333,27.395773168317,0</coordinates>
        </Point>
      </Placemark>
      <Placemark>
        <styleUrl>#m_ylw-pushpin</styleUrl>
        <name>11/5/AYLT/207</name>
        <Point>
          <coordinates>-109.929101800000,27.395773168317,0</coordinates>
        </Point>
      </Placemark>
      <Placemark>
        <styleUrl>#m_ylw-pushpin</styleUrl>
        <name>11/6/AYLT/206</name>
        <Point>
          <coordinates>-109.929154666667,27.395773168317,0</coordinates>
        </Point>
      </Placemark>
      <Placemark>
        <styleUrl>#m_ylw-pushpin</styleUrl>
        <name>11/7/AYLT/205</name>
        <Point>
          <coordinates>-109.929207533333,27.395773168317,0</coordinates>
        </Point>
      </Placemark>
      <Placemark>
        <styleUrl>#m_ylw-pushpin</styleUrl>
        <name>11/8/AYLT/204</name>
        <Point>
          <coordinates>-109.929260400000,27.395773168317,0</coordinates>
        </Point>
      </Placemark>
      <Placemark>
        <styleUrl>#m_ylw-pushpin</styleUrl>
        <name>11/9/AYLT/203</name>
        <Point>
          <coordinates>-109.929313266667,27.395773168317,0</coordinates>
        </Point>
      </Placemark>
      <Placemark>
        <styleUrl>#m_ylw-pushpin</styleUrl>
        <name>11/10/AYLT/202</name>
        <Point>
          <coordinates>-109.929366133333,27.395773168317,0</coordinates>
        </Point>
      </Placemark>
      <Placemark>
        <styleUrl>#m_ylw-pushpin</styleUrl>
        <name>11/11/AYLT/201</name>
        <Point>
          <coordinates>-109.929419000000,27.395773168317,0</coordinates>
        </Point>
      </Placemark>
      <Placemark>
        <styleUrl>#m_ylw-pushpin</styleUrl>
        <name>11/12/BORDO/</name>
        <Point>
          <coordinates>-109.929471866667,27.395773168317,0</coordinates>
        </Point>
      </Placemark>
      <Placemark>
        <styleUrl>#m_ylw-pushpin</styleUrl>
        <name>12/1/BORDO/</name>
        <Point>
          <coordinates>-109.928890333333,27.395814752475,0</coordinates>
        </Point>
      </Placemark>
      <Placemark>
        <styleUrl>#m_ylw-pushpin</styleUrl>
        <name>12/2/AYLT/211</name>
        <Point>
          <coordinates>-109.928943200000,27.395814752475,0</coordinates>
        </Point>
      </Placemark>
      <Placemark>
        <styleUrl>#m_ylw-pushpin</styleUrl>
        <name>12/3/AYLT/212</name>
        <Point>
          <coordinates>-109.928996066667,27.395814752475,0</coordinates>
        </Point>
      </Placemark>
      <Placemark>
        <styleUrl>#m_ylw-pushpin</styleUrl>
        <name>12/4/AYLT/213</name>
        <Point>
          <coordinates>-109.929048933333,27.395814752475,0</coordinates>
        </Point>
      </Placemark>
      <Placemark>
        <styleUrl>#m_ylw-pushpin</styleUrl>
        <name>12/5/AYLT/214</name>
        <Point>
          <coordinates>-109.929101800000,27.395814752475,0</coordinates>
        </Point>
      </Placemark>
      <Placemark>
        <styleUrl>#m_ylw-pushpin</styleUrl>
        <name>12/6/AYLT/215</name>
        <Point>
          <coordinates>-109.929154666667,27.395814752475,0</coordinates>
        </Point>
      </Placemark>
      <Placemark>
        <styleUrl>#m_ylw-pushpin</styleUrl>
        <name>12/7/AYLT/216</name>
        <Point>
          <coordinates>-109.929207533333,27.395814752475,0</coordinates>
        </Point>
      </Placemark>
      <Placemark>
        <styleUrl>#m_ylw-pushpin</styleUrl>
        <name>12/8/AYLT/217</name>
        <Point>
          <coordinates>-109.929260400000,27.395814752475,0</coordinates>
        </Point>
      </Placemark>
      <Placemark>
        <styleUrl>#m_ylw-pushpin</styleUrl>
        <name>12/9/AYLT/218</name>
        <Point>
          <coordinates>-109.929313266667,27.395814752475,0</coordinates>
        </Point>
      </Placemark>
      <Placemark>
        <styleUrl>#m_ylw-pushpin</styleUrl>
        <name>12/10/AYLT/219</name>
        <Point>
          <coordinates>-109.929366133333,27.395814752475,0</coordinates>
        </Point>
      </Placemark>
      <Placemark>
        <styleUrl>#m_ylw-pushpin</styleUrl>
        <name>12/11/AYLT/220</name>
        <Point>
          <coordinates>-109.929419000000,27.395814752475,0</coordinates>
        </Point>
      </Placemark>
      <Placemark>
        <styleUrl>#m_ylw-pushpin</styleUrl>
        <name>12/12/BORDO/</name>
        <Point>
          <coordinates>-109.929471866667,27.395814752475,0</coordinates>
        </Point>
      </Placemark>
      <Placemark>
        <styleUrl>#m_ylw-pushpin</styleUrl>
        <name>13/1/BORDO/</name>
        <Point>
          <coordinates>-109.928890333333,27.395856336634,0</coordinates>
        </Point>
      </Placemark>
      <Placemark>
        <styleUrl>#m_ylw-pushpin</styleUrl>
        <name>13/2/AYLT/230</name>
        <Point>
          <coordinates>-109.928943200000,27.395856336634,0</coordinates>
        </Point>
      </Placemark>
      <Placemark>
        <styleUrl>#m_ylw-pushpin</styleUrl>
        <name>13/3/AYLT/229</name>
        <Point>
          <coordinates>-109.928996066667,27.395856336634,0</coordinates>
        </Point>
      </Placemark>
      <Placemark>
        <styleUrl>#m_ylw-pushpin</styleUrl>
        <name>13/4/AYLT/228</name>
        <Point>
          <coordinates>-109.929048933333,27.395856336634,0</coordinates>
        </Point>
      </Placemark>
      <Placemark>
        <styleUrl>#m_ylw-pushpin</styleUrl>
        <name>13/5/AYLT/227</name>
        <Point>
          <coordinates>-109.929101800000,27.395856336634,0</coordinates>
        </Point>
      </Placemark>
      <Placemark>
        <styleUrl>#m_ylw-pushpin</styleUrl>
        <name>13/6/AYLT/226</name>
        <Point>
          <coordinates>-109.929154666667,27.395856336634,0</coordinates>
        </Point>
      </Placemark>
      <Placemark>
        <styleUrl>#m_ylw-pushpin</styleUrl>
        <name>13/7/AYLT/225</name>
        <Point>
          <coordinates>-109.929207533333,27.395856336634,0</coordinates>
        </Point>
      </Placemark>
      <Placemark>
        <styleUrl>#m_ylw-pushpin</styleUrl>
        <name>13/8/AYLT/224</name>
        <Point>
          <coordinates>-109.929260400000,27.395856336634,0</coordinates>
        </Point>
      </Placemark>
      <Placemark>
        <styleUrl>#m_ylw-pushpin</styleUrl>
        <name>13/9/AYLT/223</name>
        <Point>
          <coordinates>-109.929313266667,27.395856336634,0</coordinates>
        </Point>
      </Placemark>
      <Placemark>
        <styleUrl>#m_ylw-pushpin</styleUrl>
        <name>13/10/AYLT/222</name>
        <Point>
          <coordinates>-109.929366133333,27.395856336634,0</coordinates>
        </Point>
      </Placemark>
      <Placemark>
        <styleUrl>#m_ylw-pushpin</styleUrl>
        <name>13/11/AYLT/221</name>
        <Point>
          <coordinates>-109.929419000000,27.395856336634,0</coordinates>
        </Point>
      </Placemark>
      <Placemark>
        <styleUrl>#m_ylw-pushpin</styleUrl>
        <name>13/12/BORDO/</name>
        <Point>
          <coordinates>-109.929471866667,27.395856336634,0</coordinates>
        </Point>
      </Placemark>
      <Placemark>
        <styleUrl>#m_ylw-pushpin</styleUrl>
        <name>14/1/BORDO/</name>
        <Point>
          <coordinates>-109.928890333333,27.395897920792,0</coordinates>
        </Point>
      </Placemark>
      <Placemark>
        <styleUrl>#m_ylw-pushpin</styleUrl>
        <name>14/2/AYLT/231</name>
        <Point>
          <coordinates>-109.928943200000,27.395897920792,0</coordinates>
        </Point>
      </Placemark>
      <Placemark>
        <styleUrl>#m_ylw-pushpin</styleUrl>
        <name>14/3/AYLT/232</name>
        <Point>
          <coordinates>-109.928996066667,27.395897920792,0</coordinates>
        </Point>
      </Placemark>
      <Placemark>
        <styleUrl>#m_ylw-pushpin</styleUrl>
        <name>14/4/AYLT/233</name>
        <Point>
          <coordinates>-109.929048933333,27.395897920792,0</coordinates>
        </Point>
      </Placemark>
      <Placemark>
        <styleUrl>#m_ylw-pushpin</styleUrl>
        <name>14/5/AYLT/234</name>
        <Point>
          <coordinates>-109.929101800000,27.395897920792,0</coordinates>
        </Point>
      </Placemark>
      <Placemark>
        <styleUrl>#m_ylw-pushpin</styleUrl>
        <name>14/6/AYLT/235</name>
        <Point>
          <coordinates>-109.929154666667,27.395897920792,0</coordinates>
        </Point>
      </Placemark>
      <Placemark>
        <styleUrl>#m_ylw-pushpin</styleUrl>
        <name>14/7/AYLT/236</name>
        <Point>
          <coordinates>-109.929207533333,27.395897920792,0</coordinates>
        </Point>
      </Placemark>
      <Placemark>
        <styleUrl>#m_ylw-pushpin</styleUrl>
        <name>14/8/AYLT/237</name>
        <Point>
          <coordinates>-109.929260400000,27.395897920792,0</coordinates>
        </Point>
      </Placemark>
      <Placemark>
        <styleUrl>#m_ylw-pushpin</styleUrl>
        <name>14/9/AYLT/238</name>
        <Point>
          <coordinates>-109.929313266667,27.395897920792,0</coordinates>
        </Point>
      </Placemark>
      <Placemark>
        <styleUrl>#m_ylw-pushpin</styleUrl>
        <name>14/10/AYLT/239</name>
        <Point>
          <coordinates>-109.929366133333,27.395897920792,0</coordinates>
        </Point>
      </Placemark>
      <Placemark>
        <styleUrl>#m_ylw-pushpin</styleUrl>
        <name>14/11/AYLT/240</name>
        <Point>
          <coordinates>-109.929419000000,27.395897920792,0</coordinates>
        </Point>
      </Placemark>
      <Placemark>
        <styleUrl>#m_ylw-pushpin</styleUrl>
        <name>14/12/BORDO/</name>
        <Point>
          <coordinates>-109.929471866667,27.395897920792,0</coordinates>
        </Point>
      </Placemark>
      <Placemark>
        <styleUrl>#m_ylw-pushpin</styleUrl>
        <name>15/1/BORDO/</name>
        <Point>
          <coordinates>-109.928890333333,27.395939504951,0</coordinates>
        </Point>
      </Placemark>
      <Placemark>
        <styleUrl>#m_ylw-pushpin</styleUrl>
        <name>15/2/AYLT/250</name>
        <Point>
          <coordinates>-109.928943200000,27.395939504951,0</coordinates>
        </Point>
      </Placemark>
      <Placemark>
        <styleUrl>#m_ylw-pushpin</styleUrl>
        <name>15/3/AYLT/249</name>
        <Point>
          <coordinates>-109.928996066667,27.395939504951,0</coordinates>
        </Point>
      </Placemark>
      <Placemark>
        <styleUrl>#m_ylw-pushpin</styleUrl>
        <name>15/4/AYLT/248</name>
        <Point>
          <coordinates>-109.929048933333,27.395939504951,0</coordinates>
        </Point>
      </Placemark>
      <Placemark>
        <styleUrl>#m_ylw-pushpin</styleUrl>
        <name>15/5/AYLT/247</name>
        <Point>
          <coordinates>-109.929101800000,27.395939504951,0</coordinates>
        </Point>
      </Placemark>
      <Placemark>
        <styleUrl>#m_ylw-pushpin</styleUrl>
        <name>15/6/AYLT/246</name>
        <Point>
          <coordinates>-109.929154666667,27.395939504951,0</coordinates>
        </Point>
      </Placemark>
      <Placemark>
        <styleUrl>#m_ylw-pushpin</styleUrl>
        <name>15/7/AYLT/245</name>
        <Point>
          <coordinates>-109.929207533333,27.395939504951,0</coordinates>
        </Point>
      </Placemark>
      <Placemark>
        <styleUrl>#m_ylw-pushpin</styleUrl>
        <name>15/8/AYLT/244</name>
        <Point>
          <coordinates>-109.929260400000,27.395939504951,0</coordinates>
        </Point>
      </Placemark>
      <Placemark>
        <styleUrl>#m_ylw-pushpin</styleUrl>
        <name>15/9/AYLT/243</name>
        <Point>
          <coordinates>-109.929313266667,27.395939504951,0</coordinates>
        </Point>
      </Placemark>
      <Placemark>
        <styleUrl>#m_ylw-pushpin</styleUrl>
        <name>15/10/AYLT/242</name>
        <Point>
          <coordinates>-109.929366133333,27.395939504951,0</coordinates>
        </Point>
      </Placemark>
      <Placemark>
        <styleUrl>#m_ylw-pushpin</styleUrl>
        <name>15/11/AYLT/241</name>
        <Point>
          <coordinates>-109.929419000000,27.395939504951,0</coordinates>
        </Point>
      </Placemark>
      <Placemark>
        <styleUrl>#m_ylw-pushpin</styleUrl>
        <name>15/12/BORDO/</name>
        <Point>
          <coordinates>-109.929471866667,27.395939504951,0</coordinates>
        </Point>
      </Placemark>
      <Placemark>
        <styleUrl>#m_ylw-pushpin</styleUrl>
        <name>16/1/BORDO/</name>
        <Point>
          <coordinates>-109.928890333333,27.395981089109,0</coordinates>
        </Point>
      </Placemark>
      <Placemark>
        <styleUrl>#m_ylw-pushpin</styleUrl>
        <name>16/2/AYLT/251</name>
        <Point>
          <coordinates>-109.928943200000,27.395981089109,0</coordinates>
        </Point>
      </Placemark>
      <Placemark>
        <styleUrl>#m_ylw-pushpin</styleUrl>
        <name>16/3/AYLT/252</name>
        <Point>
          <coordinates>-109.928996066667,27.395981089109,0</coordinates>
        </Point>
      </Placemark>
      <Placemark>
        <styleUrl>#m_ylw-pushpin</styleUrl>
        <name>16/4/AYLT/253</name>
        <Point>
          <coordinates>-109.929048933333,27.395981089109,0</coordinates>
        </Point>
      </Placemark>
      <Placemark>
        <styleUrl>#m_ylw-pushpin</styleUrl>
        <name>16/5/AYLT/254</name>
        <Point>
          <coordinates>-109.929101800000,27.395981089109,0</coordinates>
        </Point>
      </Placemark>
      <Placemark>
        <styleUrl>#m_ylw-pushpin</styleUrl>
        <name>16/6/AYLT/255</name>
        <Point>
          <coordinates>-109.929154666667,27.395981089109,0</coordinates>
        </Point>
      </Placemark>
      <Placemark>
        <styleUrl>#m_ylw-pushpin</styleUrl>
        <name>16/7/AYLT/256</name>
        <Point>
          <coordinates>-109.929207533333,27.395981089109,0</coordinates>
        </Point>
      </Placemark>
      <Placemark>
        <styleUrl>#m_ylw-pushpin</styleUrl>
        <name>16/8/AYLT/257</name>
        <Point>
          <coordinates>-109.929260400000,27.395981089109,0</coordinates>
        </Point>
      </Placemark>
      <Placemark>
        <styleUrl>#m_ylw-pushpin</styleUrl>
        <name>16/9/AYLT/258</name>
        <Point>
          <coordinates>-109.929313266667,27.395981089109,0</coordinates>
        </Point>
      </Placemark>
      <Placemark>
        <styleUrl>#m_ylw-pushpin</styleUrl>
        <name>16/10/AYLT/259</name>
        <Point>
          <coordinates>-109.929366133333,27.395981089109,0</coordinates>
        </Point>
      </Placemark>
      <Placemark>
        <styleUrl>#m_ylw-pushpin</styleUrl>
        <name>16/11/AYLT/260</name>
        <Point>
          <coordinates>-109.929419000000,27.395981089109,0</coordinates>
        </Point>
      </Placemark>
      <Placemark>
        <styleUrl>#m_ylw-pushpin</styleUrl>
        <name>16/12/BORDO/</name>
        <Point>
          <coordinates>-109.929471866667,27.395981089109,0</coordinates>
        </Point>
      </Placemark>
      <Placemark>
        <styleUrl>#m_ylw-pushpin</styleUrl>
        <name>17/1/BORDO/</name>
        <Point>
          <coordinates>-109.928890333333,27.396022673267,0</coordinates>
        </Point>
      </Placemark>
      <Placemark>
        <styleUrl>#m_ylw-pushpin</styleUrl>
        <name>17/2/BORDO/</name>
        <Point>
          <coordinates>-109.928943200000,27.396022673267,0</coordinates>
        </Point>
      </Placemark>
      <Placemark>
        <styleUrl>#m_ylw-pushpin</styleUrl>
        <name>17/3/BORDO/</name>
        <Point>
          <coordinates>-109.928996066667,27.396022673267,0</coordinates>
        </Point>
      </Placemark>
      <Placemark>
        <styleUrl>#m_ylw-pushpin</styleUrl>
        <name>17/4/BORDO/</name>
        <Point>
          <coordinates>-109.929048933333,27.396022673267,0</coordinates>
        </Point>
      </Placemark>
      <Placemark>
        <styleUrl>#m_ylw-pushpin</styleUrl>
        <name>17/5/BORDO/</name>
        <Point>
          <coordinates>-109.929101800000,27.396022673267,0</coordinates>
        </Point>
      </Placemark>
      <Placemark>
        <styleUrl>#m_ylw-pushpin</styleUrl>
        <name>17/6/BORDO/</name>
        <Point>
          <coordinates>-109.929154666667,27.396022673267,0</coordinates>
        </Point>
      </Placemark>
      <Placemark>
        <styleUrl>#m_ylw-pushpin</styleUrl>
        <name>17/7/BORDO/</name>
        <Point>
          <coordinates>-109.929207533333,27.396022673267,0</coordinates>
        </Point>
      </Placemark>
      <Placemark>
        <styleUrl>#m_ylw-pushpin</styleUrl>
        <name>17/8/BORDO/</name>
        <Point>
          <coordinates>-109.929260400000,27.396022673267,0</coordinates>
        </Point>
      </Placemark>
      <Placemark>
        <styleUrl>#m_ylw-pushpin</styleUrl>
        <name>17/9/BORDO/</name>
        <Point>
          <coordinates>-109.929313266667,27.396022673267,0</coordinates>
        </Point>
      </Placemark>
      <Placemark>
        <styleUrl>#m_ylw-pushpin</styleUrl>
        <name>17/10/BORDO/</name>
        <Point>
          <coordinates>-109.929366133333,27.396022673267,0</coordinates>
        </Point>
      </Placemark>
      <Placemark>
        <styleUrl>#m_ylw-pushpin</styleUrl>
        <name>17/11/BORDO/</name>
        <Point>
          <coordinates>-109.929419000000,27.396022673267,0</coordinates>
        </Point>
      </Placemark>
      <Placemark>
        <styleUrl>#m_ylw-pushpin</styleUrl>
        <name>17/12/BORDO/</name>
        <Point>
          <coordinates>-109.929471866667,27.396022673267,0</coordinates>
        </Point>
      </Placemark>
    </Folder>
  </Document>
</kml>
